"artigo";"PR";"DIST";"COR";"VAR";"HIST";"MEAN";"MODE";"QTLE";"SD";"UN";"OUT";"CV";"SKEW";"KURT";"DVIZ";"VRBL";"EXP";"RND";"SMP";"MC";"PCA";"REG";"ano";"BW";"BPS";"OBERR";"EFF";"MTTF";"MTTR";"FLOPS";"IPS";"IOPS";"NNOPS";"TPUT";"TIME";"RPS";"PPS";"TPS";"UTIL";"AVAIL";"UPDWT";"LAT";"SPDU";"HT";"TTST";"CST";"FISH";"HKDT";"LEVE";"BART";"SWT";"KSTST";"FTST";"WSRT";"ANOVA";"ZTST";"THSD";"UTST";"KWTST";"HYPT";"SL";"CI";"PVAL"
"20681-73-16654-1-10-20220717.txt";0;0;0;0;0;0;0;0;0;0;0;0;0;0;0;0;27;0;0;0;0;0;2000;0;0;0;2;0;0;0;3;0;0;0;5;0;0;0;7;0;0;0;0;0;0;0;0;0;0;0;0;0;0;0;0;0;0;0;0;0;0;0;0
"20682-73-16655-1-10-20220717.txt";0;0;0;0;0;0;0;0;0;0;0;0;0;0;0;0;1;0;0;0;0;0;2000;1;0;0;3;0;0;0;0;0;0;1;0;0;0;0;1;1;0;0;0;0;0;0;0;0;0;0;0;0;0;0;0;0;0;0;0;0;0;0;0
"20683-73-16656-1-10-20220717.txt";0;0;0;0;0;0;0;0;0;0;0;0;0;0;4;0;2;0;0;0;0;0;2000;5;4;0;1;0;0;0;0;0;0;0;0;0;0;0;0;0;0;1;0;0;0;0;0;0;0;0;0;0;0;0;0;0;0;0;0;0;0;0;0
"20684-73-16657-1-10-20220717.txt";1;0;0;0;0;0;0;0;0;0;0;0;0;0;0;0;0;3;0;0;0;0;2000;0;0;0;0;0;0;0;0;0;0;0;4;0;0;0;5;0;0;0;0;0;0;0;0;0;0;0;0;0;0;0;0;0;0;0;0;0;0;0;0
"20685-73-16658-1-10-20220717.txt";0;0;0;0;0;0;0;0;0;0;0;0;0;0;1;0;2;0;0;0;0;0;2000;1;0;0;1;0;0;0;0;0;0;0;0;0;0;0;6;1;0;0;0;0;0;0;0;0;0;0;0;0;0;0;0;0;0;0;0;0;0;0;0
"20686-73-16659-1-10-20220717.txt";0;0;0;0;0;0;0;0;0;0;0;0;0;0;0;0;3;0;0;0;0;0;2000;0;0;0;0;0;0;0;0;0;0;0;0;0;0;0;0;1;0;0;0;0;0;0;0;0;0;0;0;0;0;0;0;0;0;0;0;0;0;0;0
"20687-73-16660-1-10-20220717.txt";0;0;0;0;0;0;0;0;0;0;0;0;0;0;0;0;3;0;0;0;0;0;2000;0;0;0;0;0;0;0;0;0;0;0;0;0;0;0;7;0;0;0;0;0;0;0;0;0;0;0;0;0;0;0;0;0;0;0;0;0;0;0;0
"20688-73-16661-1-10-20220717.txt";0;0;0;0;0;2;0;0;0;0;0;0;0;0;0;0;6;0;0;0;0;0;2000;0;0;0;1;0;0;0;0;0;0;2;12;1;0;1;6;2;0;2;0;0;0;0;0;0;0;0;0;0;0;0;0;0;0;0;0;0;0;0;0
"20689-73-16662-1-10-20220717.txt";0;0;0;0;0;1;1;0;0;0;0;0;0;0;1;0;1;2;0;0;0;0;2000;0;0;0;1;0;0;0;0;0;0;0;0;0;0;0;2;5;0;0;0;0;0;0;0;0;0;0;0;0;0;0;0;0;0;0;0;0;0;0;0
"19116-73-15269-1-10-20220315.txt";0;0;0;0;0;0;0;0;0;0;0;0;0;0;0;0;0;0;0;0;0;0;2001;1;0;0;0;0;0;0;0;0;0;0;0;0;0;0;1;1;0;2;0;0;0;0;0;0;0;0;0;0;0;0;0;0;0;0;0;0;0;0;0
"19117-73-15270-1-10-20220315.txt";0;0;0;0;0;0;0;0;0;0;0;0;0;0;1;0;8;0;0;0;0;0;2001;0;1;1;3;0;0;0;0;0;0;0;18;0;0;0;6;1;0;0;4;0;0;0;0;0;0;0;0;0;0;0;0;0;0;0;0;0;0;0;0
"19118-73-15271-1-10-20220315.txt";1;0;0;2;0;2;0;0;0;0;0;0;0;0;0;0;1;0;0;0;0;0;2001;0;0;0;0;0;0;0;0;0;0;0;2;0;0;0;2;0;0;0;0;0;0;0;0;0;0;0;0;0;0;0;0;0;0;0;0;0;0;0;0
"19119-73-15272-1-10-20220315.txt";0;0;0;0;0;0;0;0;0;0;0;0;0;0;3;0;5;0;0;0;0;0;2001;5;12;1;0;0;0;0;0;0;0;0;0;0;0;0;2;0;1;0;0;0;0;0;0;0;0;0;0;0;0;0;0;0;0;0;0;0;0;0;0
"19120-73-15273-1-10-20220315.txt";0;0;0;0;0;0;0;0;0;0;0;0;0;0;2;0;0;1;0;0;0;0;2001;1;0;0;1;0;0;0;0;0;0;0;1;0;0;0;8;0;0;1;0;0;0;0;0;0;0;0;0;0;0;0;0;0;0;0;0;0;0;0;0
"19121-73-15274-1-10-20220315.txt";2;0;0;0;0;10;2;0;0;0;0;0;0;0;0;0;6;0;0;0;0;0;2001;4;22;0;0;0;0;0;0;0;0;2;6;0;0;0;11;0;0;0;0;0;0;0;0;0;0;0;0;0;0;0;0;0;0;0;0;0;0;0;0
"19122-73-15275-1-10-20220315.txt";0;0;0;0;0;0;0;0;0;0;0;0;0;0;0;0;0;0;0;0;0;0;2001;0;0;0;5;0;0;0;0;0;0;0;2;0;0;0;0;0;0;0;0;0;0;0;0;0;0;0;0;0;0;0;0;0;0;0;0;0;0;0;0
"19123-73-15276-1-10-20220315.txt";8;0;0;0;0;7;0;0;0;0;0;0;0;0;5;0;0;6;0;0;0;0;2001;0;0;0;2;0;0;0;0;0;0;0;0;0;0;0;6;0;0;0;0;0;0;0;0;0;0;0;0;0;0;0;0;0;0;0;0;0;0;0;0
"19124-73-15277-1-10-20220315.txt";0;0;1;0;0;7;0;0;0;0;0;0;0;0;0;0;3;0;0;0;0;0;2001;0;0;0;0;0;0;0;1;0;0;0;1;0;0;0;0;3;0;0;0;0;0;0;0;0;0;0;0;0;0;0;0;0;0;0;0;0;0;0;0
"19125-73-15278-1-10-20220315.txt";0;0;0;0;0;5;0;0;0;0;0;0;0;0;3;0;11;0;0;0;0;0;2001;1;0;1;1;0;0;0;0;0;0;0;0;0;0;0;1;0;0;0;0;0;0;0;0;0;0;0;0;0;0;0;0;0;0;0;0;0;0;0;0
"19126-73-15279-1-10-20220315.txt";0;0;0;0;0;8;0;0;0;0;0;0;0;0;5;0;14;0;0;0;0;0;2001;0;0;0;2;0;0;0;0;0;0;0;0;0;0;0;1;0;0;2;0;0;0;0;0;0;0;0;0;0;0;0;0;0;0;0;0;0;0;0;0
"19127-73-15280-1-10-20220315.txt";1;0;0;0;0;19;0;0;0;0;0;0;0;0;6;0;12;0;0;0;0;0;2001;0;0;0;1;0;0;0;0;0;0;0;3;0;0;0;0;0;0;7;0;0;0;0;0;0;0;0;0;0;0;0;0;0;0;0;0;0;0;0;0
"19128-73-15281-1-10-20220315.txt";2;0;0;0;0;1;1;0;1;0;0;0;0;0;11;0;7;0;0;0;0;0;2001;5;12;0;0;0;0;0;0;0;0;0;10;0;0;0;2;0;0;8;0;0;0;0;0;0;0;0;0;0;0;0;0;0;0;0;0;0;0;0;0
"19129-73-15282-1-10-20220315.txt";8;0;0;1;0;1;0;0;0;0;0;0;0;0;1;0;13;5;3;0;0;0;2001;0;1;0;2;0;0;0;0;0;0;2;14;2;0;1;4;3;0;5;0;0;0;0;0;0;0;0;0;0;0;0;0;0;0;0;0;0;0;0;0
"19130-73-15283-1-10-20220315.txt";0;0;0;0;0;1;0;0;0;0;0;0;0;0;0;0;11;0;1;0;0;0;2001;0;0;0;0;0;0;0;0;0;0;0;1;0;0;0;2;2;0;0;0;0;0;0;0;0;0;0;0;0;0;0;0;0;0;0;0;0;0;0;0
"19131-73-15284-1-10-20220315.txt";0;0;0;0;0;0;0;0;0;0;0;0;0;0;2;0;4;0;7;0;0;0;2001;0;0;0;0;0;0;0;0;0;0;0;2;0;0;0;4;0;0;0;1;0;0;0;0;0;0;0;0;0;0;0;0;0;0;0;0;0;0;0;0
"19132-73-15285-1-10-20220315.txt";0;0;0;0;0;6;0;0;0;0;0;0;0;0;13;0;11;0;2;0;0;0;2001;0;1;0;1;0;0;0;0;0;0;0;9;0;0;0;1;0;0;0;10;0;0;0;0;0;0;0;0;0;0;0;0;0;0;0;0;0;0;0;0
"19133-73-15286-1-10-20220315.txt";0;0;0;0;0;0;0;0;0;0;0;0;0;0;0;0;1;0;0;0;0;0;2001;0;0;1;0;0;0;0;0;0;0;0;4;0;0;0;3;2;0;0;0;0;0;0;0;0;0;0;0;0;0;0;0;0;0;0;0;0;0;0;0
"20754-73-16728-1-10-20220720.txt";0;0;0;0;0;0;0;0;0;0;0;0;0;0;0;0;5;0;0;0;0;0;2002;0;0;0;0;0;0;0;0;0;0;0;0;0;0;0;0;16;0;0;0;0;0;0;0;0;0;0;0;0;0;0;0;0;0;0;0;0;0;0;0
"20755-73-16729-1-10-20220720.txt";0;0;0;0;0;2;0;0;0;0;0;0;0;0;1;0;4;3;0;0;0;0;2002;0;0;0;1;0;0;0;0;0;0;0;3;0;0;0;2;0;0;0;0;0;0;0;0;0;0;0;0;0;0;0;0;0;0;0;0;0;0;0;0
"20756-73-16730-1-10-20220720.txt";0;0;0;0;0;6;0;0;0;0;0;0;0;0;7;0;0;0;0;0;0;0;2002;0;1;1;14;0;0;0;0;0;0;0;9;0;0;0;11;3;0;0;11;0;0;0;0;0;0;0;0;0;0;0;0;0;0;0;0;0;0;0;0
"20757-73-16731-1-10-20220720.txt";0;0;0;0;0;0;0;0;0;0;0;0;0;0;3;0;4;0;0;0;0;0;2002;0;0;0;0;0;0;0;0;0;0;0;1;0;0;0;1;0;0;0;0;0;0;0;0;0;0;0;0;0;0;0;0;0;0;0;0;0;0;0;0
"20758-73-16732-1-10-20220720.txt";0;0;0;0;0;0;0;0;0;0;0;0;0;0;0;0;4;0;0;0;0;0;2002;0;0;1;0;0;0;0;1;0;0;0;0;0;0;0;0;1;0;0;0;0;0;0;0;0;0;0;0;0;0;0;0;0;0;0;0;0;0;0;0
"20759-73-16733-1-10-20220720.txt";0;0;0;0;0;0;0;0;0;0;0;0;0;0;2;0;21;0;0;0;0;0;2002;0;0;0;0;0;0;0;3;0;0;0;6;0;0;0;4;0;0;0;0;0;0;0;0;0;0;0;0;0;0;0;0;0;0;0;0;0;0;0;0
"20760-73-16734-1-10-20220720.txt";0;0;0;0;0;0;0;0;0;0;0;0;0;0;0;0;3;0;0;0;0;0;2002;0;0;0;0;0;0;0;0;0;0;0;0;0;0;0;0;0;0;0;0;0;0;0;0;0;0;0;0;0;0;0;0;0;0;0;0;0;0;0;0
"20761-73-16735-1-10-20220720.txt";0;0;0;0;0;0;0;0;0;0;0;0;0;0;0;0;6;0;0;0;0;0;2002;1;1;0;4;0;0;0;0;0;0;0;3;0;0;0;3;0;0;2;1;0;0;0;0;0;0;0;0;0;0;0;0;0;0;0;0;0;0;0;0
"20762-73-16736-1-10-20220720.txt";0;0;0;0;0;0;0;0;0;0;0;0;0;0;0;0;0;0;0;0;0;0;2002;0;0;0;0;0;0;0;0;0;0;0;2;0;0;0;8;0;0;0;0;0;0;0;0;0;0;0;0;0;0;0;0;0;0;0;0;0;0;0;0
"20763-73-16737-1-10-20220720.txt";0;0;0;0;14;2;0;0;1;0;0;0;1;0;0;0;12;0;0;0;0;0;2002;0;0;0;0;0;0;0;0;0;0;0;14;0;0;0;1;1;0;0;1;0;0;0;0;0;0;0;0;0;0;0;0;0;0;0;0;0;0;0;0
"20764-73-16738-1-10-20220720.txt";0;0;0;0;0;0;0;0;0;0;0;0;0;0;0;0;4;0;0;0;0;0;2002;1;1;0;2;0;0;0;0;0;0;0;1;0;0;0;2;0;0;0;0;0;0;0;0;0;0;0;0;0;0;0;0;0;0;0;0;0;0;0;0
"20765-73-16739-1-10-20220720.txt";32;0;0;0;0;0;0;0;0;0;0;0;0;0;0;0;0;9;16;0;0;0;2002;0;1;3;1;0;0;0;0;0;0;0;1;0;0;0;0;0;0;0;4;0;0;0;0;0;0;0;0;0;0;0;0;0;0;0;0;0;0;0;0
"20766-73-16740-1-10-20220720.txt";0;0;0;0;0;0;0;0;0;0;0;0;0;0;6;0;10;0;0;0;0;0;2002;0;0;0;0;0;0;0;0;0;0;0;5;0;0;0;1;0;0;0;1;0;0;0;0;0;0;0;0;0;0;0;0;0;0;0;0;0;0;0;0
"20767-73-16741-1-10-20220720.txt";0;0;0;0;0;1;0;0;0;0;0;0;0;0;0;0;1;0;0;0;0;0;2002;0;0;1;3;0;0;0;0;0;0;0;3;0;0;0;0;0;0;0;0;0;0;0;0;0;0;0;0;0;0;0;0;0;0;0;0;0;0;0;0
"20768-73-16742-1-10-20220720.txt";0;0;0;0;0;0;0;0;1;0;0;0;0;0;0;0;24;0;1;0;0;0;2002;0;1;0;3;0;0;0;0;0;0;0;22;0;0;0;12;0;0;0;0;0;0;0;0;0;0;0;0;0;0;0;0;0;0;0;0;0;0;0;0
"20769-73-16743-1-10-20220720.txt";0;0;0;0;0;14;0;0;0;0;0;0;0;0;5;0;11;0;0;0;0;0;2002;0;0;0;1;0;0;0;0;0;0;0;9;0;0;0;3;0;0;0;0;0;0;0;0;0;0;0;0;0;0;0;0;0;0;0;0;0;0;0;0
"20770-73-16744-1-10-20220720.txt";0;0;0;0;0;0;0;0;0;0;0;0;0;0;0;0;1;0;0;0;0;0;2002;0;0;0;0;0;0;0;0;0;0;0;11;0;0;0;8;0;0;0;8;0;0;0;0;0;0;0;0;0;0;0;0;0;0;0;0;0;0;0;0
"20771-73-16745-1-10-20220720.txt";0;0;0;0;0;1;0;0;0;0;0;0;0;0;4;0;23;3;0;0;0;0;2002;1;1;1;0;0;0;0;0;0;0;0;13;0;0;0;4;0;0;1;0;0;0;0;0;0;0;0;0;0;0;0;0;0;0;0;0;0;0;0;0
"20772-73-16746-1-10-20220720.txt";0;0;0;0;0;9;0;0;0;0;0;0;0;0;3;0;0;0;0;0;0;0;2002;0;0;0;1;0;0;1;0;0;0;0;6;0;0;0;17;1;0;8;0;0;0;0;0;0;0;0;0;0;0;0;0;0;0;0;0;0;0;0;0
"20773-73-16747-1-10-20220720.txt";0;0;0;0;0;0;0;0;0;0;0;0;0;0;0;0;0;0;0;0;0;0;2002;0;0;0;0;0;0;0;0;0;0;0;1;0;0;0;4;0;0;0;0;0;0;0;0;0;0;0;0;0;0;0;0;0;0;0;0;0;0;0;0
"19096-73-15248-1-10-20220312.txt";0;0;0;0;0;3;1;0;0;0;0;0;0;0;4;0;1;0;0;0;0;0;2003;0;3;0;0;0;0;0;0;0;0;0;0;0;0;0;3;0;0;11;0;0;0;0;0;0;0;0;0;0;0;0;0;0;0;0;0;0;0;0;0
"19097-73-15249-1-10-20220312.txt";0;0;0;0;0;1;0;0;0;0;0;0;0;0;0;0;10;1;0;0;0;0;2003;0;4;0;1;0;0;0;0;0;0;5;3;0;0;0;0;0;0;0;0;0;0;0;0;0;0;0;0;0;0;0;0;0;0;0;0;0;0;0;0
"19098-73-15250-1-10-20220312.txt";0;0;0;0;0;0;1;0;0;0;0;0;0;0;8;0;1;0;0;0;0;0;2003;10;6;2;3;0;0;0;0;0;0;2;3;0;0;0;3;1;0;1;0;0;0;0;0;0;0;0;0;0;0;0;0;0;0;0;0;0;0;0;0
"19099-73-15251-1-10-20220312.txt";0;0;0;0;0;2;1;0;0;0;0;0;0;0;1;0;0;0;0;0;0;0;2003;1;0;0;0;0;0;0;0;0;0;0;6;0;0;0;1;5;0;0;0;0;0;0;0;0;0;0;0;0;0;0;0;0;0;0;0;0;0;0;0
"19100-73-15252-1-10-20220312.txt";0;0;0;0;0;2;0;0;0;0;0;0;0;0;0;0;2;0;0;0;0;0;2003;4;1;0;0;0;0;0;0;0;0;0;3;0;0;0;0;0;0;6;10;0;0;0;0;0;0;0;0;0;0;0;0;0;0;0;0;0;0;0;0
"19101-73-15253-1-10-20220312.txt";0;0;0;0;0;7;0;0;0;0;0;0;0;0;2;0;0;0;0;0;0;0;2003;0;0;0;0;0;0;0;0;0;0;0;36;0;0;0;7;0;0;0;4;0;0;0;0;0;0;0;0;0;0;0;0;0;0;0;0;0;0;0;0
"19102-73-15254-1-10-20220312.txt";0;0;0;0;0;1;0;0;0;0;0;0;0;0;1;0;3;0;0;0;0;0;2003;0;0;0;0;0;0;0;0;0;0;0;7;0;0;0;0;0;0;3;0;0;0;0;0;0;0;0;0;0;0;0;0;0;0;0;0;0;0;0;0
"19103-73-15255-1-10-20220312.txt";0;0;0;0;0;0;0;0;0;0;0;0;0;0;12;0;4;0;0;0;0;0;2003;0;0;0;0;0;0;0;2;0;0;0;0;0;0;0;1;0;0;1;0;0;0;0;0;0;0;0;0;0;0;0;0;0;0;0;0;0;0;0;0
"19104-73-15256-1-10-20220312.txt";0;0;0;0;0;7;0;0;0;0;0;0;0;0;9;0;10;0;0;0;0;0;2003;0;0;1;0;0;0;0;0;0;0;0;0;0;0;0;0;0;0;81;0;0;0;0;0;0;0;0;0;0;0;0;0;0;0;0;0;0;0;0;0
"19105-73-15257-1-10-20220312.txt";0;0;64;0;0;0;0;0;0;0;0;0;0;0;0;0;21;0;0;0;0;0;2003;9;0;0;6;0;0;8;0;0;0;2;3;0;0;0;5;0;0;9;0;0;0;0;0;0;0;0;0;0;0;0;0;0;0;0;0;0;0;0;0
"19106-73-15258-1-10-20220312.txt";0;0;0;0;0;0;0;0;0;0;0;0;0;0;0;0;3;8;0;0;0;0;2003;0;0;0;0;0;0;0;1;0;0;0;1;0;0;0;0;0;0;0;0;0;0;0;0;0;0;0;0;0;0;0;0;0;0;0;0;0;0;0;0
"19107-73-15259-1-10-20220312.txt";0;0;0;0;0;0;0;0;0;0;0;0;0;0;5;0;4;0;7;0;0;0;2003;1;0;0;1;0;0;0;0;0;0;0;0;0;0;0;3;0;0;0;1;0;0;0;0;0;0;0;0;0;0;0;0;0;0;0;0;0;0;0;0
"19108-73-15260-1-10-20220312.txt";0;0;0;0;0;0;0;0;0;0;0;0;0;0;0;0;2;0;0;0;0;0;2003;0;0;0;2;0;0;1;0;0;0;0;12;0;0;0;0;0;0;0;1;0;0;0;0;0;0;0;0;0;0;0;0;0;0;0;0;0;0;0;0
"19109-73-15261-1-10-20220312.txt";0;0;0;0;0;0;0;0;0;0;0;0;0;0;3;0;18;0;1;0;0;0;2003;0;1;0;1;0;0;0;0;0;0;0;14;0;0;0;4;1;0;0;0;0;0;0;0;0;0;0;0;0;0;0;0;0;0;0;0;0;0;0;0
"19110-73-15262-1-10-20220312.txt";1;0;0;0;0;2;0;0;0;0;0;0;0;0;4;0;1;3;0;0;0;0;2003;0;0;1;4;0;0;0;0;0;0;0;6;0;0;0;10;0;0;0;0;0;0;0;0;0;0;0;0;0;0;0;0;0;0;0;0;0;0;0;0
"19111-73-15263-1-10-20220312.txt";0;0;0;0;0;0;0;0;0;0;0;0;0;0;0;0;0;0;0;0;0;0;2003;0;0;0;0;0;0;0;0;0;1;0;3;0;0;0;1;2;0;0;0;0;0;0;0;0;0;0;0;0;0;0;0;0;0;0;0;0;0;0;0
"19112-73-15264-1-10-20220312.txt";0;0;0;0;0;3;0;0;2;0;0;0;0;0;5;0;3;0;0;0;0;0;2003;0;0;0;0;0;0;0;0;0;0;0;7;0;0;0;0;1;0;0;5;0;0;0;0;0;0;0;0;0;0;0;0;0;0;0;0;0;0;0;0
"19113-73-15265-1-10-20220312.txt";0;0;0;0;0;0;0;0;0;0;0;0;0;0;12;0;2;0;0;0;0;0;2003;2;0;0;7;0;0;0;0;0;0;0;10;0;0;0;6;0;0;1;0;0;0;0;0;0;0;0;0;0;0;0;0;0;0;0;0;0;0;0;0
"19114-73-15266-1-10-20220312.txt";0;0;0;0;0;13;0;0;9;0;0;0;0;0;0;0;0;0;0;0;0;0;2003;0;0;0;0;0;0;0;0;0;0;0;4;0;0;0;2;0;0;0;0;0;0;0;0;0;0;0;0;0;0;0;0;0;0;0;0;0;0;0;0
"18994-73-15222-1-10-20220303.txt";0;0;0;0;0;1;0;0;0;0;0;0;0;0;0;0;0;0;0;0;0;0;2004;0;0;1;0;0;0;0;0;0;0;0;5;0;0;0;2;0;0;0;0;0;0;0;0;0;0;0;0;0;0;0;0;0;0;0;0;0;0;0;0
"18995-73-15223-1-10-20220303.txt";0;0;0;0;8;2;0;0;0;0;0;0;0;0;10;0;2;0;0;0;0;0;2004;0;0;0;1;0;0;0;0;0;0;0;14;0;0;0;2;1;0;1;0;0;0;0;0;0;0;0;0;0;0;0;0;0;0;0;0;0;0;0;0
"18996-73-15224-1-10-20220303.txt";0;0;0;0;0;0;0;0;0;0;0;0;0;0;2;0;4;1;0;0;0;0;2004;0;0;1;0;0;0;2;0;0;0;0;7;0;0;0;3;2;0;3;0;0;0;0;0;0;0;0;0;0;0;0;0;0;0;0;0;0;0;0;0
"18997-73-15225-1-10-20220303.txt";2;0;0;0;0;2;0;0;0;0;0;0;0;0;0;0;13;9;1;0;0;0;2004;0;0;0;1;0;0;0;0;0;0;0;7;1;0;2;25;1;0;0;18;0;0;0;0;0;0;0;0;0;0;0;0;0;0;0;0;0;0;0;0
"18998-73-15226-1-10-20220303.txt";0;0;8;0;0;1;0;0;0;0;0;0;0;0;4;0;0;2;0;0;0;0;2004;0;0;0;0;0;0;0;0;0;0;0;0;0;0;0;6;0;0;0;0;0;0;0;0;0;0;0;0;0;0;0;0;0;0;0;0;0;0;0;0
"18999-73-15227-1-10-20220303.txt";0;0;0;0;0;1;0;0;0;0;0;0;0;0;5;0;0;0;0;0;0;0;2004;1;0;0;1;0;0;0;0;0;0;0;8;0;0;0;3;0;0;0;5;0;0;0;0;0;0;0;0;0;0;0;0;0;0;0;0;0;0;0;0
"19000-73-15228-1-10-20220303.txt";0;0;0;0;0;4;0;0;0;0;0;0;0;0;0;0;1;0;0;0;0;0;2004;0;0;0;0;0;0;0;0;0;0;0;0;0;0;0;4;0;0;0;0;0;0;0;0;0;0;0;0;0;0;0;0;0;0;0;0;0;0;0;0
"19001-73-15229-1-10-20220303.txt";0;0;0;0;0;0;0;0;0;0;0;0;0;0;0;0;5;0;0;0;0;0;2004;0;0;0;1;0;0;0;0;0;0;0;0;0;0;0;2;0;0;0;1;0;0;0;0;0;0;0;0;0;0;0;0;0;0;0;0;0;0;0;0
"19002-73-15230-1-10-20220303.txt";0;0;0;0;0;3;0;0;0;0;0;0;0;0;10;0;24;0;0;0;0;0;2004;0;0;1;3;0;0;0;0;0;0;0;1;0;0;0;6;0;0;36;0;0;0;0;0;0;0;0;0;0;0;0;0;0;0;0;0;0;0;0;0
"19003-73-15231-1-10-20220303.txt";0;0;0;0;0;0;0;0;0;0;0;0;0;0;0;0;0;0;0;0;0;0;2004;0;0;0;0;0;0;0;0;0;0;5;6;0;0;0;5;0;0;9;0;0;0;0;0;0;0;0;0;0;0;0;0;0;0;0;0;0;0;0;0
"19004-73-15232-1-10-20220303.txt";0;0;0;0;0;3;0;0;0;0;0;0;0;0;5;0;13;0;0;0;0;0;2004;0;0;0;0;0;0;0;0;0;0;0;0;0;0;0;0;0;0;9;0;0;0;0;0;0;0;0;0;0;0;0;0;0;0;0;0;0;0;0;0
"19005-73-15233-1-10-20220303.txt";19;0;1;0;0;13;0;0;0;0;0;0;0;0;10;0;5;0;0;0;0;0;2004;0;0;2;0;0;0;0;1;0;0;0;1;0;0;0;1;0;0;0;1;0;0;0;0;0;0;0;0;0;0;0;0;0;0;0;0;0;0;0;0
"19006-73-15234-1-10-20220303.txt";0;0;0;0;0;0;0;0;0;0;0;0;0;0;0;0;2;0;0;0;0;0;2004;0;0;2;0;0;0;0;0;0;0;0;1;0;0;0;3;0;0;0;0;0;0;0;0;0;0;0;0;0;0;0;0;0;0;0;0;0;0;0;0
"19007-73-15235-1-10-20220303.txt";0;0;0;0;0;0;0;0;0;0;0;0;0;0;0;0;1;0;0;0;0;0;2004;0;0;0;1;0;0;0;0;0;0;0;5;0;0;0;1;1;0;1;0;0;0;0;0;0;0;0;0;0;0;0;0;0;0;0;0;0;0;0;0
"19008-73-15236-1-10-20220303.txt";0;0;0;0;0;14;0;0;0;0;0;0;0;0;4;0;4;0;0;0;0;0;2004;0;0;2;3;0;0;0;0;0;0;0;9;0;0;0;0;0;0;0;2;0;0;0;0;0;0;0;0;0;0;0;0;0;0;0;0;0;0;0;0
"19009-73-15237-1-10-20220303.txt";0;0;0;0;0;1;0;0;1;1;0;0;0;0;2;0;7;0;0;0;0;0;2004;0;0;0;0;0;0;0;0;0;0;0;7;0;0;0;1;0;0;0;0;0;0;0;0;0;0;0;0;0;0;0;0;0;0;0;0;0;0;0;0
"19010-73-15238-1-10-20220303.txt";0;0;0;0;0;1;0;0;0;0;0;0;0;0;0;0;1;1;0;0;0;0;2004;0;0;0;0;0;0;0;0;0;0;12;1;0;0;0;5;0;0;1;0;0;0;0;0;0;0;0;0;0;0;0;0;0;0;0;0;0;0;0;0
"19011-73-15239-1-10-20220303.txt";2;0;0;0;0;2;0;0;0;0;0;0;0;0;12;0;2;1;0;0;0;0;2004;0;0;0;0;0;0;0;0;0;0;25;13;0;0;0;6;0;0;17;0;0;0;0;0;0;0;0;0;0;0;0;0;0;0;0;0;0;0;0;0
"19012-73-15240-1-10-20220303.txt";3;0;0;0;0;12;0;0;0;0;0;0;0;0;9;0;3;9;0;0;0;0;2004;0;0;0;1;0;0;0;0;0;0;0;7;0;0;0;8;0;0;0;0;0;0;0;0;0;0;0;0;0;0;0;0;0;0;0;0;0;0;0;0
"19013-73-15241-1-10-20220303.txt";0;0;0;0;0;3;0;0;1;1;0;1;0;0;2;0;10;0;0;0;0;0;2004;0;1;0;1;0;0;0;0;0;0;1;4;0;0;0;3;1;0;0;0;0;0;0;0;0;0;0;0;0;0;0;0;0;0;0;0;0;0;0;0
"19014-73-15242-1-10-20220303.txt";0;0;0;0;0;0;0;0;0;0;0;0;0;0;1;0;1;0;0;0;0;0;2004;0;0;0;0;0;0;0;0;0;0;0;2;0;0;0;4;0;0;0;0;0;0;0;0;0;0;0;0;0;0;0;0;0;0;0;0;0;0;0;0
"19015-73-15243-1-10-20220303.txt";0;0;0;0;0;0;0;0;0;0;0;0;0;0;0;0;0;0;0;0;0;0;2004;0;0;0;4;0;0;0;0;0;0;0;1;0;0;0;3;0;0;1;0;0;0;0;0;0;0;0;0;0;0;0;0;0;0;0;0;0;0;0;0
"19016-73-15244-1-10-20220303.txt";0;0;0;0;0;2;1;0;0;0;0;0;0;0;0;0;0;0;0;0;0;0;2004;2;2;0;0;0;0;0;0;0;0;0;5;0;0;0;0;0;0;6;0;0;0;0;0;0;0;0;0;0;0;0;0;0;0;0;0;0;0;0;0
"19017-73-15245-1-10-20220303.txt";0;0;0;0;0;0;0;0;0;0;0;0;0;0;0;0;0;0;0;0;0;0;2004;3;0;0;3;0;0;0;0;0;0;2;2;0;0;0;6;1;0;4;0;0;0;0;0;0;0;0;0;0;0;0;0;0;0;0;0;0;0;0;0
"18969-73-15196-2-10-20220302.txt";0;0;0;0;0;0;0;0;0;0;0;0;0;0;2;0;9;0;0;0;0;0;2005;0;1;1;2;0;0;0;0;0;0;0;5;0;0;0;3;1;0;1;1;0;0;0;0;0;0;0;0;0;0;0;0;0;0;0;0;0;0;0;0
"18970-73-15197-2-10-20220302.txt";0;3;0;0;5;4;0;0;3;0;0;0;0;0;1;0;20;7;2;0;0;0;2005;0;0;0;3;0;0;0;0;0;0;0;3;0;0;0;0;0;0;0;0;0;0;0;0;0;0;0;0;0;0;0;0;0;0;0;0;0;0;0;0
"18971-73-15198-2-10-20220302.txt";13;1;0;0;24;17;0;0;12;0;0;0;0;0;2;0;7;3;10;0;0;0;2005;0;0;0;0;0;0;0;0;0;0;0;0;0;0;0;3;1;0;0;0;0;0;0;0;0;0;0;0;0;0;0;0;0;0;0;0;0;0;0;0
"18972-73-15199-2-10-20220302.txt";0;0;0;0;0;3;0;0;0;0;0;0;0;0;1;0;13;0;0;0;0;0;2005;1;1;0;0;0;0;0;0;0;0;1;29;0;0;0;0;0;0;1;1;0;0;0;0;0;0;0;0;0;0;0;0;0;0;0;0;0;0;0;0
"18973-73-15200-2-10-20220302.txt";0;0;0;0;0;0;0;0;0;0;0;0;0;0;2;0;5;3;0;0;0;0;2005;0;1;1;0;0;0;0;0;0;0;0;9;0;0;0;1;0;0;0;10;0;0;0;0;0;0;0;0;0;0;0;0;0;0;0;0;0;0;0;0
"18974-73-15201-2-10-20220302.txt";0;0;0;0;0;0;0;0;0;0;0;0;0;0;0;0;5;1;0;0;0;0;2005;0;0;0;0;0;0;0;0;0;0;0;4;0;0;0;1;0;0;0;6;0;0;0;0;0;0;0;0;0;0;0;0;0;0;0;0;0;0;0;0
"18975-73-15202-1-10-20220302.txt";1;0;1;0;0;6;0;0;0;0;0;0;0;0;1;0;7;0;0;0;0;0;2005;0;0;0;1;0;0;0;0;0;0;0;0;0;0;0;3;1;0;5;13;0;0;0;0;0;0;0;0;0;0;0;0;0;0;0;0;0;0;0;0
"18976-73-15203-2-10-20220302.txt";0;0;0;0;0;6;0;0;0;0;0;0;0;0;0;0;3;0;0;0;0;0;2005;0;0;0;0;0;0;0;0;0;0;0;0;0;0;0;0;0;0;0;0;0;0;0;0;0;0;0;0;0;0;0;0;0;0;0;0;0;0;0;0
"18977-73-15204-2-10-20220302.txt";0;0;0;0;0;3;1;0;0;0;0;0;0;0;2;0;8;1;0;0;0;0;2005;9;7;0;0;0;0;0;0;0;0;0;1;0;0;0;2;3;0;0;0;0;0;0;0;0;0;0;0;0;0;0;0;0;0;0;0;0;0;0;0
"18978-73-15205-2-10-20220302.txt";2;0;0;0;0;2;0;0;0;0;0;0;0;0;5;0;1;2;0;1;0;0;2005;0;3;6;0;0;0;0;0;0;0;0;16;0;0;0;7;0;0;0;0;0;0;0;0;0;0;0;0;0;0;0;0;0;0;0;0;0;0;0;0
"18979-73-15206-2-10-20220302.txt";1;0;0;0;0;0;0;0;0;0;0;0;0;0;1;0;0;0;0;0;0;0;2005;0;0;1;0;0;0;0;0;0;0;0;5;0;0;0;3;0;0;0;0;0;0;0;0;0;0;0;0;0;0;0;0;0;0;0;0;0;0;0;0
"18980-73-15207-2-10-20220302.txt";0;0;0;0;0;0;0;0;0;0;0;0;0;0;1;0;7;1;10;0;0;0;2005;0;0;0;0;0;0;0;0;0;0;0;16;0;0;0;0;0;0;0;9;0;0;0;0;0;0;0;0;0;0;0;0;0;0;0;0;0;0;0;0
"18981-73-15208-2-10-20220302.txt";0;0;0;0;0;2;2;0;0;0;0;0;0;0;2;0;12;0;0;0;0;0;2005;0;11;0;1;0;0;0;0;0;0;0;0;0;0;0;7;0;0;0;0;0;0;0;0;0;0;0;0;0;0;0;0;0;0;0;0;0;0;0;0
"18982-73-15209-2-10-20220302.txt";0;0;0;0;0;5;0;0;0;0;0;0;0;0;4;0;1;2;0;0;0;0;2005;0;0;0;8;0;0;0;0;0;0;0;12;0;0;0;2;0;0;0;1;0;0;0;0;0;0;0;0;0;0;0;0;0;0;0;0;0;0;0;0
"18983-73-15210-2-10-20220302.txt";0;0;0;0;0;2;0;0;2;0;0;0;0;0;4;0;1;0;0;0;0;0;2005;0;0;0;0;0;0;0;0;0;0;0;3;0;0;0;3;2;0;0;0;0;0;0;0;0;0;0;0;0;0;0;0;0;0;0;0;0;0;0;0
"18984-73-15211-2-10-20220302.txt";0;0;0;0;0;9;0;0;4;0;0;0;0;0;1;0;1;0;1;0;0;0;2005;0;0;0;0;0;0;0;0;0;0;0;1;0;0;0;3;1;0;0;0;0;0;0;0;0;0;0;0;0;0;0;0;0;0;0;0;0;0;0;0
"18985-73-15212-2-10-20220302.txt";0;0;0;0;0;0;0;0;0;0;0;0;0;0;4;0;7;0;0;0;0;0;2005;0;0;0;1;0;0;0;0;0;0;0;5;0;0;0;1;0;0;0;0;0;0;0;0;0;0;0;0;0;0;0;0;0;0;0;0;0;0;0;0
"18986-73-15213-2-10-20220302.txt";0;0;0;0;0;6;0;0;2;0;0;0;0;0;2;0;8;1;0;0;0;0;2005;0;4;0;1;0;0;0;0;0;0;1;0;0;0;0;4;0;0;0;0;0;0;0;0;0;0;0;0;0;0;0;0;0;0;0;0;0;0;0;0
"18987-73-15214-2-10-20220302.txt";1;1;0;0;0;0;0;0;0;0;0;0;0;0;1;0;6;0;0;0;0;0;2005;1;0;0;0;0;0;0;0;0;0;0;9;0;0;0;0;0;0;0;0;0;0;0;0;0;0;0;0;0;0;0;0;0;0;0;0;0;0;1;0
"18988-73-15215-2-10-20220302.txt";3;1;0;0;0;13;0;0;0;0;1;0;0;0;4;0;11;2;0;0;0;0;2005;0;0;0;0;0;0;0;1;0;0;0;17;0;0;0;3;0;0;1;0;0;0;0;0;0;0;0;0;0;0;0;0;0;0;0;0;0;0;1;0
"18989-73-15216-2-10-20220302.txt";0;0;0;0;0;4;0;0;0;0;0;0;0;0;4;0;1;1;0;0;0;0;2005;0;0;0;0;0;0;0;0;0;0;0;12;0;0;0;13;8;0;0;0;0;0;0;0;0;0;0;0;0;0;0;0;0;0;0;0;0;0;0;0
"18990-73-15217-2-10-20220302.txt";0;0;0;4;0;13;0;0;4;1;0;0;0;0;3;0;1;7;0;0;0;0;2005;0;0;0;0;0;0;0;0;0;0;0;0;0;0;0;3;0;0;0;0;0;0;0;0;0;0;0;0;0;0;0;0;0;0;0;0;0;0;0;0
"18991-73-15218-2-10-20220302.txt";0;0;0;0;0;0;0;0;0;0;0;0;0;0;2;0;1;0;0;0;0;0;2005;0;0;0;0;0;0;0;0;0;0;1;3;0;0;0;4;0;0;2;0;0;0;0;0;0;0;0;0;0;0;0;0;0;0;0;0;0;0;0;0
"18992-73-15219-2-10-20220302.txt";0;0;0;0;0;0;0;0;0;0;0;0;0;0;1;0;5;0;0;0;0;0;2005;0;0;0;0;0;0;0;0;0;0;0;6;0;0;0;2;2;0;0;0;0;0;0;0;0;0;0;0;0;0;0;0;0;0;0;0;0;0;0;0
"18940-73-15166-1-10-20220224.txt";0;0;0;0;0;0;0;0;0;0;0;0;0;0;0;0;0;0;0;0;0;0;2006;3;0;3;0;0;0;0;0;0;0;3;2;0;0;0;2;0;0;5;0;0;0;0;0;0;0;0;0;0;0;0;0;0;0;0;0;0;0;0;0
"18941-73-15167-1-10-20220224.txt";0;0;0;0;0;0;0;0;0;0;0;0;0;0;0;0;3;0;1;0;0;0;2006;0;0;1;1;0;0;0;0;0;0;0;0;0;0;0;3;0;0;0;0;0;0;0;0;0;0;0;0;0;0;0;0;0;0;0;0;0;0;0;0
"18942-73-15168-1-10-20220224.txt";0;0;0;0;0;3;0;0;0;0;0;0;0;0;3;0;2;0;0;0;0;0;2006;0;0;12;6;0;0;0;0;0;0;0;9;0;0;0;22;0;0;0;0;0;0;0;0;0;0;0;0;0;0;0;0;0;0;0;0;0;0;0;0
"18943-73-15169-1-10-20220224.txt";0;0;0;0;0;4;0;0;0;0;0;0;0;0;3;0;24;0;3;0;0;0;2006;0;0;4;1;0;0;0;0;0;0;1;0;0;0;0;1;0;0;0;0;0;0;0;0;0;0;0;0;0;0;0;0;0;0;0;0;0;0;0;0
"18944-73-15170-1-10-20220224.txt";0;0;0;0;0;1;2;0;1;1;0;0;0;0;0;0;14;0;0;0;0;0;2006;0;0;1;0;0;0;0;0;0;0;0;4;0;0;0;6;0;0;0;0;0;0;0;0;0;0;0;0;0;0;0;0;0;0;0;0;0;0;1;0
"18945-73-15171-1-10-20220224.txt";0;0;0;0;0;2;0;0;0;0;0;0;0;0;5;0;2;0;0;0;0;0;2006;1;0;0;2;0;0;0;0;0;0;0;5;0;0;0;5;0;0;42;0;0;0;0;0;0;0;0;0;0;0;0;0;0;0;0;0;0;0;0;0
"18946-73-15172-1-10-20220224.txt";0;0;0;0;0;4;0;0;3;0;0;0;0;0;1;0;5;1;0;0;0;0;2006;0;0;0;2;0;0;0;0;0;0;0;8;0;0;0;3;0;0;0;1;0;0;0;0;0;0;0;0;0;0;0;0;0;0;0;0;0;0;0;0
"18947-73-15173-1-10-20220224.txt";1;0;0;0;0;4;0;0;14;0;0;0;0;0;1;0;11;0;0;0;0;0;2006;0;0;0;2;0;0;0;0;0;0;0;7;0;0;0;12;0;0;1;1;0;0;0;0;0;0;0;0;0;0;0;0;0;0;0;0;0;0;0;0
"18948-73-15174-1-10-20220224.txt";0;0;0;0;0;1;0;0;0;0;0;0;0;0;1;0;8;1;0;0;0;0;2006;0;0;0;1;0;0;0;0;0;0;0;5;0;0;0;10;0;0;0;1;0;0;0;0;0;0;0;0;0;0;0;0;0;0;0;0;0;0;0;0
"18949-73-15175-1-10-20220224.txt";0;0;0;0;0;1;0;0;0;0;0;0;0;0;0;0;4;1;0;0;0;0;2006;0;0;0;0;0;0;0;0;0;0;0;4;0;0;0;2;0;0;0;0;0;0;0;0;0;0;0;0;0;0;0;0;0;0;0;0;0;0;0;1
"18950-73-15176-1-10-20220224.txt";0;0;0;0;0;5;0;0;0;0;0;0;0;0;7;0;0;3;0;0;0;0;2006;0;0;0;0;0;0;0;0;0;0;0;1;0;0;0;1;0;0;0;0;0;0;0;0;0;0;0;0;0;0;0;0;0;0;0;0;0;0;0;0
"18951-73-15177-1-10-20220224.txt";0;0;0;0;0;1;0;0;0;0;0;0;0;0;6;0;8;0;2;0;0;0;2006;0;0;4;7;0;0;0;0;0;0;0;14;0;0;0;3;0;0;0;6;0;0;0;0;0;0;0;0;0;0;0;0;0;0;0;0;0;0;0;0
"18952-73-15178-1-10-20220224.txt";0;0;0;0;0;2;0;0;0;0;0;0;0;0;2;0;3;4;0;0;0;0;2006;1;1;0;0;0;0;0;0;0;0;0;7;0;0;0;8;0;0;0;0;0;0;0;0;0;0;0;0;0;0;0;0;0;0;0;0;0;0;0;0
"18953-73-15179-1-10-20220224.txt";0;0;0;0;0;0;0;0;0;0;0;0;0;0;3;0;0;0;0;0;0;0;2006;0;0;0;0;0;0;0;0;0;0;0;0;0;0;0;0;0;0;0;0;0;0;0;0;0;0;0;0;0;0;0;0;0;0;0;0;0;0;0;0
"18954-73-15180-1-10-20220224.txt";0;0;0;0;0;0;0;0;0;0;0;0;0;0;1;0;1;0;0;0;0;0;2006;0;0;1;0;0;0;0;0;0;0;0;1;0;0;0;6;2;0;0;0;0;0;0;0;0;0;0;0;0;0;0;0;0;0;0;0;0;0;0;0
"18955-73-15181-1-10-20220224.txt";0;0;0;0;0;0;0;0;0;0;0;0;0;0;9;0;0;0;0;0;0;0;2006;0;0;1;0;0;0;0;0;0;0;0;1;0;0;0;3;0;0;0;0;0;0;0;0;0;0;0;0;0;0;0;0;0;0;0;0;0;0;0;0
"18956-73-15182-1-10-20220224.txt";0;0;0;0;0;0;1;0;0;0;0;0;0;0;5;0;10;0;0;0;0;0;2006;0;1;0;2;0;0;0;0;0;0;0;7;0;0;0;9;2;0;0;0;0;0;0;0;0;0;0;0;0;0;0;0;0;0;0;0;0;0;0;0
"18746-73-15065-1-10-20220203.txt";0;0;0;0;0;1;4;0;0;0;0;0;0;0;4;0;16;0;0;0;0;0;2007;0;0;0;0;0;0;0;26;0;0;0;0;0;0;0;0;0;0;0;0;0;0;0;0;0;0;0;0;0;0;0;0;0;0;0;0;0;0;0;0
"18747-73-15066-1-10-20220203.txt";1;0;0;0;0;3;0;0;0;0;0;0;0;0;2;0;9;0;0;0;0;0;2007;0;0;0;1;0;0;0;0;0;0;1;0;0;0;0;1;0;0;15;23;0;0;0;0;0;0;0;0;0;0;0;0;0;0;0;0;0;0;0;0
"18748-73-15067-1-10-20220203.txt";0;0;0;0;0;4;0;0;0;0;0;0;0;0;2;0;4;1;0;0;0;0;2007;0;0;1;0;0;0;0;0;0;0;0;4;0;0;0;17;0;0;0;0;0;0;0;0;0;0;0;0;0;0;0;0;0;0;0;0;0;0;0;0
"18749-73-15068-1-10-20220203.txt";0;0;0;0;0;0;0;0;0;0;0;0;0;0;10;0;5;1;0;0;0;0;2007;1;0;0;0;0;0;0;0;0;0;2;4;0;0;0;3;0;0;16;0;0;0;0;0;0;0;0;0;0;0;0;0;0;0;0;0;0;0;0;0
"18750-73-15069-1-10-20220203.txt";0;0;0;0;0;0;0;0;0;0;0;0;0;0;5;0;1;0;0;0;0;0;2007;0;0;1;11;0;0;0;0;0;0;0;25;0;0;0;2;0;0;0;12;0;0;0;0;0;0;0;0;0;0;0;0;0;0;0;0;0;0;0;0
"18751-73-15070-1-10-20220203.txt";0;0;0;0;0;4;0;0;0;0;0;0;0;0;17;0;5;0;0;0;0;0;2007;6;2;2;2;0;0;2;0;0;0;0;14;0;0;0;5;0;0;1;0;0;0;0;0;0;0;0;0;0;0;0;0;0;0;0;0;0;0;0;0
"18752-73-15071-1-10-20220203.txt";0;0;0;0;0;0;0;0;0;0;0;0;0;0;14;0;2;0;0;0;0;0;2007;0;0;0;0;0;0;0;0;0;0;0;2;0;0;0;18;6;0;0;0;0;0;0;0;0;0;0;0;0;0;0;0;0;0;0;0;0;0;0;0
"18753-73-15072-1-10-20220203.txt";0;0;0;0;0;0;0;0;0;0;0;0;0;0;0;0;10;0;0;0;0;0;2007;0;0;0;0;0;1;0;0;0;0;0;1;0;0;0;2;0;0;0;0;0;0;0;0;0;0;0;0;0;0;0;0;0;0;0;0;0;0;0;0
"18754-73-15073-1-10-20220203.txt";0;0;0;0;0;2;0;0;1;0;0;0;0;0;1;0;3;1;0;0;0;0;2007;0;0;0;4;0;0;0;0;0;0;0;1;0;0;0;1;0;0;0;0;0;0;0;0;0;0;0;0;0;0;0;0;0;0;0;0;0;0;0;0
"18755-73-15074-1-10-20220203.txt";0;0;0;0;0;4;0;0;0;0;0;0;0;0;6;0;8;0;3;0;0;0;2007;0;0;0;0;0;0;0;0;0;0;0;1;0;0;0;3;1;0;1;0;0;2;0;0;0;0;0;0;0;0;0;0;0;0;0;0;0;1;1;2
"18756-73-15075-1-10-20220203.txt";1;0;0;1;0;3;0;0;1;0;0;0;0;0;0;0;1;0;1;0;0;0;2007;0;0;2;0;0;0;0;0;0;0;0;0;0;0;0;1;0;0;0;0;0;0;0;0;0;0;0;0;0;0;0;0;0;0;0;0;0;0;0;0
"18757-73-15076-1-10-20220203.txt";0;0;0;0;0;5;0;0;0;0;0;0;0;0;0;0;16;0;0;0;0;0;2007;0;0;0;0;0;0;0;0;0;0;0;3;0;0;0;2;0;0;1;0;0;0;0;0;0;0;0;0;0;0;0;0;0;0;0;0;0;0;0;0
"18758-73-15077-1-10-20220203.txt";1;0;0;0;0;1;0;0;0;0;0;0;0;0;0;0;21;0;0;0;0;0;2007;1;1;0;1;0;0;0;0;0;0;1;0;0;0;0;1;3;0;1;0;0;0;0;0;0;0;0;0;0;0;0;0;0;0;0;0;0;0;0;0
"18759-73-15078-1-10-20220203.txt";0;0;0;0;0;0;0;0;0;0;0;0;0;0;3;0;14;1;2;0;0;0;2007;0;0;2;1;0;0;0;0;0;0;0;0;0;0;0;1;0;1;0;0;0;0;0;0;0;0;0;0;0;0;0;0;0;0;0;0;0;0;0;0
"18760-73-15079-1-10-20220203.txt";0;0;0;0;0;0;0;0;0;0;0;0;0;0;0;0;2;0;0;0;0;0;2007;0;2;0;0;0;0;0;0;0;0;0;1;0;0;0;4;0;0;0;0;0;0;0;0;0;0;0;0;0;0;0;0;0;0;0;0;0;0;0;0
"18761-73-15080-1-10-20220203.txt";0;0;0;0;0;7;0;0;0;0;0;0;0;0;2;0;5;1;0;1;0;0;2007;0;0;0;2;0;0;0;0;0;0;0;2;0;0;0;2;0;0;2;0;0;0;0;0;0;0;0;0;0;0;0;0;0;0;0;0;0;0;0;0
"18762-73-15081-1-10-20220203.txt";0;0;0;0;0;0;0;0;0;2;0;0;0;0;5;0;1;0;0;0;0;0;2007;0;0;0;3;0;0;0;0;0;0;2;14;0;0;0;9;0;0;0;0;0;0;0;0;0;0;0;0;0;0;0;0;0;0;0;0;0;0;0;0
"18763-73-15082-1-10-20220203.txt";0;0;0;1;0;2;0;0;0;0;0;0;0;0;2;0;1;11;0;0;0;0;2007;0;0;0;1;0;0;0;0;0;0;0;4;0;0;0;4;0;0;0;9;0;0;0;0;0;0;0;0;0;0;0;0;0;0;0;0;0;0;0;0
"18764-73-15083-1-10-20220203.txt";0;0;0;0;0;0;0;0;0;0;0;0;0;0;5;0;9;0;0;0;0;0;2007;0;0;0;0;0;0;0;0;0;0;0;7;0;0;0;7;0;0;0;2;0;0;0;0;0;0;0;0;0;0;0;0;0;0;0;0;0;0;0;0
"18765-73-15084-1-10-20220203.txt";0;0;0;0;0;0;0;0;0;0;0;0;0;0;13;0;11;0;0;0;0;0;2007;0;0;4;1;0;0;0;0;0;0;0;27;0;0;0;1;0;0;1;2;0;0;0;0;0;0;0;0;0;0;0;0;0;0;0;0;0;0;0;0
"18766-73-15085-1-10-20220203.txt";0;0;0;0;0;4;0;0;0;0;0;1;0;0;1;0;17;0;0;0;0;0;2007;0;0;0;0;0;0;0;0;0;0;3;21;0;0;0;16;0;0;0;0;0;0;0;0;0;0;0;0;0;0;0;0;0;0;0;0;0;0;0;0
"17661-73-14173-1-10-20211022.txt";0;0;0;0;0;6;0;0;0;0;0;0;0;0;0;0;11;5;0;0;0;0;2008;0;0;0;0;0;0;0;0;0;0;0;10;0;0;0;0;0;0;1;0;0;0;0;0;0;0;0;0;0;0;0;0;0;0;0;0;0;0;0;0
"17662-73-14174-1-10-20211022.txt";0;0;0;0;0;1;0;0;0;0;0;0;0;0;4;0;4;0;0;0;0;0;2008;0;0;2;6;0;0;0;0;0;0;0;5;0;0;0;3;0;0;0;3;0;0;0;0;0;0;0;0;0;0;0;0;0;0;0;0;0;0;0;0
"17663-73-14175-1-10-20211022.txt";0;0;0;0;0;0;0;0;0;0;0;0;0;0;2;0;29;0;0;0;0;0;2008;0;2;0;6;0;0;0;0;0;0;2;18;0;0;0;0;0;0;0;10;0;0;0;0;0;0;0;0;0;0;0;0;0;0;0;0;0;0;0;0
"17664-73-14176-1-10-20211022.txt";0;0;0;0;0;6;0;0;0;0;0;0;0;0;1;0;11;0;0;0;0;0;2008;0;0;0;5;0;0;0;0;0;0;0;4;0;0;0;1;0;0;0;5;0;0;0;0;0;0;0;0;0;0;0;0;0;0;0;0;0;0;0;0
"17665-73-14177-1-10-20211022.txt";0;0;0;0;0;0;0;0;0;0;0;0;0;0;0;0;5;0;0;0;0;0;2008;0;0;0;0;0;0;0;0;0;0;0;0;0;0;0;2;10;0;0;0;0;0;0;0;0;0;0;0;0;0;0;0;0;0;0;0;0;0;0;0
"17666-73-14178-1-10-20211022.txt";0;0;0;0;0;5;0;0;0;0;0;0;0;0;4;0;8;0;0;0;0;0;2008;1;0;0;0;0;0;0;0;0;0;0;0;0;0;0;0;1;0;4;3;0;0;0;0;0;0;0;0;0;0;0;0;0;0;0;0;0;0;0;0
"17667-73-14179-1-10-20211022.txt";0;0;0;0;0;0;1;0;0;0;0;0;0;0;1;0;2;0;0;0;0;0;2008;0;0;2;2;0;0;0;0;0;0;0;10;0;0;0;1;0;0;0;0;0;0;0;0;0;0;0;0;0;0;0;0;0;0;0;0;0;0;0;0
"17668-73-14180-1-10-20211022.txt";0;0;0;0;0;0;0;0;0;0;0;0;0;0;0;0;9;0;0;0;0;0;2008;0;0;0;0;0;0;0;0;0;0;0;0;0;0;0;0;0;0;0;2;0;0;0;0;0;0;0;0;0;0;0;0;0;0;0;0;0;0;0;0
"17670-73-14182-1-10-20211022.txt";0;0;0;0;0;6;0;0;0;0;0;0;1;0;0;0;9;0;0;0;0;0;2008;12;4;0;0;0;0;0;0;0;0;0;12;0;0;0;0;0;0;9;1;0;0;0;0;0;0;0;0;0;0;0;0;0;0;0;0;0;0;0;0
"17671-73-14183-1-10-20211022.txt";0;0;0;0;0;1;0;0;0;0;0;0;0;0;0;0;16;1;0;0;0;0;2008;0;1;0;2;0;0;0;0;0;0;0;10;0;0;0;3;1;0;9;6;0;0;0;0;0;0;0;0;0;0;0;0;0;0;0;0;0;0;0;0
"17672-73-14184-1-10-20211022.txt";0;0;0;0;0;1;0;0;0;0;0;0;0;0;4;0;17;1;0;0;0;0;2008;0;0;0;1;0;0;0;0;0;0;0;0;0;0;0;5;0;0;0;0;0;0;0;0;0;0;0;0;0;0;0;0;0;0;0;0;0;0;0;0
"17673-73-14185-1-10-20211022.txt";0;0;0;0;0;2;0;0;0;0;0;0;0;0;1;0;16;0;0;0;0;0;2008;0;0;0;2;0;0;0;0;0;0;0;9;0;0;0;6;5;0;0;0;0;0;0;0;0;0;0;0;0;0;0;0;0;0;0;0;0;0;0;0
"17674-73-14186-1-10-20211022.txt";6;0;0;0;0;11;0;0;6;0;0;0;0;0;0;0;17;7;1;0;0;0;2008;0;0;2;23;0;0;0;0;0;0;0;10;0;0;0;4;0;0;0;0;0;1;0;0;0;0;0;0;0;0;0;0;0;0;0;0;0;0;0;0
"17675-73-14187-1-10-20211022.txt";0;0;0;0;2;1;0;0;4;0;0;0;0;0;4;0;2;10;0;0;0;0;2008;0;0;3;2;0;0;0;0;0;0;0;5;0;0;0;1;0;0;0;0;0;0;0;0;0;0;0;0;0;0;0;0;0;0;0;0;0;0;0;0
"17676-73-14188-1-10-20211022.txt";0;0;0;0;0;2;0;0;0;0;0;0;0;0;0;0;3;1;0;0;0;0;2008;0;0;0;0;0;0;0;0;0;0;0;30;0;0;0;0;0;0;0;0;0;0;0;0;0;0;0;0;0;0;0;0;0;0;0;0;0;0;0;0
"17677-73-14189-1-10-20211022.txt";0;0;1;0;0;3;0;0;0;0;0;0;0;0;0;0;2;0;0;0;0;0;2008;0;0;0;2;0;0;0;1;0;0;1;2;0;0;0;0;0;0;2;0;0;0;0;0;0;0;0;0;0;0;0;0;0;0;0;0;0;0;0;0
"17678-73-14190-1-10-20211022.txt";0;0;0;0;0;0;0;0;0;0;0;0;0;0;4;0;4;0;2;0;0;0;2008;0;2;2;1;0;0;0;0;0;0;32;0;0;0;0;4;0;0;24;0;0;0;0;0;0;0;0;0;0;0;0;0;0;0;0;0;0;0;1;0
"17679-73-14191-1-10-20211022.txt";0;0;0;0;0;11;0;0;0;0;0;0;0;0;1;0;17;0;0;0;0;0;2008;0;0;0;0;0;0;0;0;0;0;0;6;0;0;0;3;0;0;1;0;0;0;0;0;0;0;0;0;0;0;0;0;0;0;0;0;0;0;0;0
"17680-73-14192-1-10-20211022.txt";0;0;0;0;0;3;0;0;0;0;0;0;0;0;3;0;20;0;0;0;0;0;2008;0;1;0;0;0;0;0;0;0;0;0;1;0;0;0;5;0;0;0;0;0;0;0;0;0;0;0;0;0;0;0;0;0;0;0;0;0;0;0;0
"17681-73-14193-1-10-20211022.txt";0;0;0;0;0;8;0;0;1;0;0;3;0;0;2;0;0;0;0;0;0;0;2008;2;4;1;0;0;0;0;0;0;0;0;0;0;0;0;17;0;0;0;0;0;0;0;0;0;0;0;0;0;0;0;0;0;0;0;0;0;0;0;0
"17682-73-14194-1-10-20211022.txt";0;0;0;0;0;7;0;0;0;0;0;0;0;0;3;0;14;0;0;0;0;0;2008;0;0;0;0;0;0;0;2;0;0;0;2;0;0;0;3;0;0;1;0;0;0;0;0;0;0;0;0;0;0;0;0;0;0;0;0;0;0;0;0
"17683-73-14195-1-10-20211022.txt";0;0;0;0;0;8;0;0;0;0;0;0;0;0;0;0;11;0;0;0;0;0;2008;0;0;0;2;0;0;0;0;0;0;0;31;0;0;0;5;0;0;0;0;0;0;0;0;0;0;0;0;0;0;0;0;0;0;0;0;0;0;0;0
"17684-73-14196-1-10-20211022.txt";0;0;0;0;0;8;0;0;0;0;0;0;0;0;5;0;5;0;0;0;0;0;2008;0;0;4;2;0;0;0;3;0;0;0;0;0;0;0;0;0;0;0;0;0;0;0;0;0;0;0;0;0;0;0;0;0;0;0;0;0;0;0;0
"17685-73-14197-1-10-20211022.txt";0;0;0;0;1;1;0;0;1;0;0;0;0;0;0;0;1;0;0;0;0;0;2008;0;0;0;0;0;0;0;0;0;0;0;8;0;0;0;0;1;0;0;0;0;0;0;0;0;0;0;0;0;0;0;0;0;0;0;0;0;0;0;0
"17686-73-14198-1-10-20211022.txt";0;0;0;0;0;0;0;0;0;0;0;0;0;0;0;0;0;0;0;0;0;0;2008;0;0;0;0;0;0;0;0;0;0;0;10;0;0;0;4;0;0;0;0;0;0;0;0;0;0;0;0;0;0;0;0;0;0;0;0;0;0;0;0
"17687-73-14199-1-10-20211022.txt";0;0;0;0;0;0;0;0;0;0;0;0;0;0;7;0;15;1;0;0;0;0;2008;0;0;3;0;0;0;0;0;0;0;0;10;0;0;0;0;0;0;0;0;0;0;0;0;0;0;0;0;0;0;0;0;0;0;0;0;0;0;0;0
"17688-73-14200-1-10-20211022.txt";0;0;0;0;0;1;0;0;0;0;0;0;0;0;4;0;1;0;1;0;0;0;2008;0;0;19;0;0;0;0;0;0;0;0;1;0;0;0;4;0;0;0;0;0;0;0;0;0;0;0;0;0;0;0;0;0;0;0;0;0;0;0;0
"17386-73-13958-1-10-20211004.txt";0;1;0;0;0;17;0;0;0;0;0;0;0;0;5;0;4;1;1;0;0;0;2009;0;0;0;1;0;0;0;0;0;0;1;21;0;0;0;6;0;0;0;0;0;0;0;0;0;0;0;0;0;0;0;0;0;0;0;0;0;0;1;0
"17387-73-13959-1-10-20211004.txt";3;0;0;0;0;1;0;0;3;0;1;0;0;0;1;0;3;13;0;0;0;0;2009;0;0;0;5;0;0;0;0;0;0;0;9;0;0;0;0;0;0;1;3;0;0;0;0;0;0;0;0;0;0;0;0;0;0;0;0;0;0;0;0
"17388-73-13960-1-10-20211004.txt";0;0;0;0;0;6;0;0;0;0;0;0;0;0;2;0;17;1;0;0;0;0;2009;0;0;0;0;0;0;0;0;0;0;0;12;0;0;0;2;3;0;13;0;0;0;0;0;0;0;0;0;0;0;0;0;0;0;0;0;0;0;0;0
"17389-73-13961-1-10-20211004.txt";0;0;0;0;0;1;0;0;0;0;0;0;0;0;3;0;7;0;0;0;0;0;2009;0;0;0;1;0;0;0;0;0;0;0;41;0;0;0;0;0;0;0;1;0;0;0;0;0;0;0;0;0;0;0;0;0;0;0;0;0;0;0;0
"17390-73-13962-1-10-20211004.txt";0;0;0;0;0;1;0;0;0;0;0;0;0;0;0;0;4;0;0;0;0;0;2009;0;0;1;1;0;0;0;0;0;0;0;6;0;0;0;2;0;0;9;0;0;0;0;0;0;0;0;0;0;0;0;0;0;0;0;0;0;0;0;0
"17391-73-13963-1-10-20211004.txt";1;0;0;0;0;1;0;0;0;0;0;0;0;0;0;0;8;0;0;0;0;0;2009;0;0;0;0;0;0;0;0;0;0;0;1;0;0;0;0;0;0;0;0;0;0;0;0;0;0;0;0;0;0;0;0;0;0;0;0;0;0;0;0
"17393-73-13965-1-10-20211004.txt";0;0;0;0;0;0;0;0;0;0;0;0;0;0;2;0;9;0;0;0;0;0;2009;0;0;0;1;0;0;0;0;0;0;0;1;0;0;0;0;0;0;0;0;0;0;0;0;0;0;0;0;0;0;0;0;0;0;0;0;0;0;0;0
"17394-73-13966-1-10-20211004.txt";1;0;0;0;0;0;0;0;0;0;0;0;0;0;4;0;2;0;0;0;0;0;2009;0;0;1;0;0;0;0;0;0;0;0;5;0;0;0;15;0;0;0;0;0;0;0;0;0;0;0;0;0;0;0;0;0;0;0;0;0;0;0;0
"17395-73-13967-1-10-20211004.txt";0;0;0;0;0;0;0;0;0;0;0;0;0;0;3;0;9;0;0;0;0;0;2009;21;6;3;0;0;0;0;0;0;0;0;9;0;0;0;3;1;0;11;0;0;0;0;0;0;0;0;0;0;0;0;0;0;0;0;0;0;0;0;0
"17396-73-13968-1-10-20211004.txt";0;0;0;0;0;0;0;0;0;0;0;0;0;0;2;0;4;1;0;0;0;0;2009;0;0;2;0;0;0;0;0;0;0;0;23;0;0;0;2;0;0;0;8;0;0;0;0;0;0;0;0;0;0;0;0;0;0;0;0;0;0;0;0
"17397-73-13969-1-10-20211004.txt";0;0;0;0;0;0;0;0;0;0;1;0;0;0;1;0;15;0;0;0;0;0;2009;0;0;0;3;0;0;0;0;0;0;0;8;0;0;0;10;0;0;3;1;0;0;0;0;0;0;0;0;0;0;0;0;0;0;0;0;0;0;0;0
"17398-73-13970-1-10-20211004.txt";0;0;0;0;0;0;0;0;0;0;0;0;0;0;7;0;0;0;0;0;0;0;2009;0;0;0;2;0;0;0;14;0;0;0;0;0;0;0;0;0;0;3;0;0;0;0;0;0;0;0;0;0;0;0;0;0;0;0;0;0;0;0;0
"17399-73-13971-1-10-20211004.txt";0;0;0;0;0;3;0;0;0;0;0;0;0;0;2;0;1;0;0;0;0;0;2009;0;0;0;0;0;0;0;0;0;0;0;0;0;0;0;0;0;0;3;0;0;0;0;0;0;0;0;0;0;0;0;0;0;0;0;0;0;0;0;0
"17400-73-13972-1-10-20211004.txt";0;0;0;0;0;4;0;0;0;0;0;0;0;0;4;0;7;0;0;0;0;0;2009;0;0;2;1;0;0;0;0;0;0;0;4;0;0;0;3;0;0;0;2;0;0;0;0;0;0;0;0;0;0;0;0;0;0;0;0;0;0;0;0
"17401-73-13973-1-10-20211004.txt";0;0;0;0;0;10;0;0;0;0;0;0;0;0;0;0;1;2;0;0;0;0;2009;1;1;0;1;0;0;0;0;0;0;14;1;0;0;0;3;0;0;10;0;0;0;0;0;0;0;0;0;0;0;0;0;0;0;0;0;0;0;0;0
"17402-73-13974-1-10-20211004.txt";1;0;0;0;0;1;0;0;0;0;0;0;0;0;10;0;2;0;0;0;0;0;2009;0;0;0;3;0;0;0;0;0;0;0;1;0;0;0;2;0;0;0;0;0;0;0;0;0;0;0;0;0;0;0;0;0;0;0;0;0;0;0;0
"17403-73-13975-1-10-20211004.txt";0;0;0;0;0;3;0;0;0;0;0;0;0;0;3;0;13;0;0;0;0;0;2009;0;1;3;0;0;0;0;0;0;0;0;0;0;0;0;1;0;0;4;14;0;0;0;0;0;0;0;0;0;0;0;0;0;0;0;0;0;0;0;0
"17404-73-13976-1-10-20211004.txt";0;0;0;0;0;1;0;0;0;0;0;0;0;0;1;0;7;1;0;1;0;0;2009;0;0;19;0;0;0;0;0;0;0;0;10;0;0;0;4;1;0;4;1;0;0;0;0;0;0;0;0;0;0;0;0;0;0;0;0;0;0;0;0
"17405-73-13977-1-10-20211004.txt";1;0;0;0;0;0;0;0;0;0;0;0;0;0;4;0;0;2;0;0;0;1;2009;0;0;0;0;0;0;0;0;0;0;0;1;0;0;0;1;2;0;0;0;0;0;0;0;0;0;0;0;0;0;0;0;0;0;0;0;0;0;0;0
"17406-73-13978-1-10-20211004.txt";0;0;0;0;0;2;0;0;0;0;0;0;0;0;4;0;5;1;0;0;0;0;2009;0;3;0;1;0;0;0;0;0;0;0;0;0;0;0;3;0;0;0;0;0;0;0;0;0;0;0;0;0;0;0;0;0;0;0;0;0;0;0;0
"17407-73-13979-1-10-20211004.txt";0;2;1;0;0;0;0;0;0;0;0;0;0;0;1;0;4;0;0;0;0;0;2009;0;2;0;0;0;0;0;0;0;0;0;0;0;0;0;2;1;0;0;0;0;0;0;0;0;0;0;0;0;0;0;0;0;0;0;0;0;0;0;0
"17408-73-13980-1-10-20211004.txt";0;0;0;0;0;0;0;0;0;0;0;0;0;0;0;0;8;0;0;0;0;0;2009;0;0;1;0;0;0;0;0;0;0;0;0;0;0;0;2;12;0;0;0;0;0;0;0;0;1;0;0;0;0;0;0;0;0;0;0;0;0;0;0
"A Model of Autonomous Control of the Adaptation to the Context in UbiComp.txt";0;0;0;0;0;0;0;0;0;0;0;0;0;0;0;0;7;0;0;0;0;0;2010;0;0;1;0;0;0;0;0;0;0;0;3;0;0;0;8;0;0;0;0;0;0;0;0;0;0;0;0;0;0;0;0;0;0;0;0;0;0;0;0
"A Model to Explore Business Opportunities in Ubiquitous Environments.txt";0;0;0;0;0;0;0;0;0;0;0;0;0;0;2;0;9;0;0;0;0;0;2010;0;0;0;0;0;0;0;0;0;0;0;0;0;0;0;1;0;0;0;0;0;0;0;0;0;0;0;0;0;0;0;0;0;0;0;0;0;0;0;0
"A Proposal of Parallelization of Local Search Procedures Applied to the Minimum Cost Hop-and-Root Constrained Forest Problem.txt";0;0;0;0;0;6;0;0;0;0;0;0;0;0;0;0;3;12;0;0;0;0;2010;0;0;0;0;0;0;0;0;0;0;0;1;0;0;0;1;0;0;0;7;0;0;0;0;0;0;0;0;0;0;0;0;0;0;0;0;0;0;0;0
"A Quantum Circuit for the Brazilian Decimetric Array -BDA- Signal Correlation.txt";5;0;24;0;0;0;0;0;0;0;0;0;0;0;4;0;4;0;3;0;0;0;2010;0;0;1;0;0;0;0;0;0;0;0;0;0;0;0;1;0;0;0;0;0;0;0;0;0;0;0;0;0;0;0;0;0;0;0;0;0;0;0;0
"Advanced SS A Superscalar Simulator with Support for Operating System.txt";0;0;0;0;0;0;3;0;0;0;0;0;0;0;4;0;3;0;0;0;0;0;2010;0;0;0;1;0;0;0;1;0;0;0;0;0;0;0;4;0;0;0;0;0;0;0;0;0;0;0;0;0;0;0;0;0;0;0;0;0;0;0;0
"An Architecture with Support Semantic for Discovery Resources in Ubiquitous Computing.txt";0;0;0;0;0;0;0;0;0;0;0;0;0;0;0;0;1;0;0;0;0;0;2010;0;0;0;0;0;0;0;0;0;0;0;0;0;0;0;4;7;0;0;0;0;0;0;0;0;0;0;0;0;0;0;0;0;0;0;0;0;0;0;0
"D-Power A VHDL Dynamic Power Estimation Tool for Superscalar Architectures - Cache Hierarchy and Fetch Stage.txt";0;0;0;0;0;3;0;0;0;0;0;0;0;0;0;0;19;2;0;0;0;0;2010;0;0;1;0;0;0;0;1;0;0;0;0;0;0;0;3;0;0;0;0;0;0;0;0;0;0;0;0;0;0;0;0;0;0;0;0;0;0;0;0
"Distributed Quantum Simulation on the VPE-qGM Environment.txt";7;0;0;0;0;0;0;0;0;0;0;0;0;0;5;0;0;1;0;0;0;0;2010;0;0;1;2;0;0;0;0;0;0;0;0;0;0;0;2;1;0;0;4;0;0;0;0;0;0;0;0;0;0;0;0;0;0;0;0;0;0;0;0
"Hardware Accelerator for Dictionary-Based Compression of MMP Algorithm.txt";3;0;0;0;0;8;0;0;0;0;0;0;0;0;3;0;0;0;2;0;0;0;2010;0;1;2;0;0;0;0;0;0;0;0;5;0;0;0;2;0;0;1;1;0;0;0;0;0;0;0;0;0;0;0;0;0;0;0;0;0;0;0;0
"Implementation of Techniques for Fault Tolerance in a Network-on-Chip.txt";0;0;0;0;0;0;0;0;0;0;0;0;0;0;6;0;6;0;0;0;0;0;2010;1;0;0;0;0;0;0;0;0;0;0;0;0;0;0;0;0;0;3;0;0;0;0;0;0;0;0;0;0;0;0;0;0;0;0;0;0;0;0;0
"Improving Ray Tracing Anti-aliasing Performance through Image Gradient Analysis.txt";0;0;0;0;0;0;0;0;0;0;0;0;0;0;4;0;4;1;45;0;0;0;2010;0;0;1;0;0;0;0;0;0;0;0;3;0;0;0;8;0;0;0;0;0;0;0;0;0;0;0;0;0;0;0;0;0;0;0;0;0;0;0;0
"NSGAII Applied to Unified Second Level Cache Memory Hierarchy Tuning Aiming Energy and Performance Optimization.txt";2;0;0;0;0;6;0;0;0;0;0;0;0;0;0;0;5;3;0;0;0;0;2010;0;0;1;1;0;0;0;1;0;0;0;3;0;0;0;1;0;0;0;0;0;0;0;0;0;0;0;0;0;0;0;0;0;0;0;0;0;0;0;0
"Optimizing a Retargetable Compiled Simulator to Achieve Near-Native Performance.txt";0;0;0;0;0;3;0;0;0;0;0;0;0;0;0;0;4;0;0;0;0;0;2010;0;0;2;0;0;0;0;31;0;0;0;3;0;0;0;1;0;0;0;4;0;0;0;0;0;0;0;0;0;0;0;0;0;0;0;0;0;0;0;0
"Parallel Routing Algorithm for Extra Level Omega Networks on Reconfigurable Systems.txt";0;0;0;0;0;4;0;0;0;0;0;0;0;0;0;0;5;1;3;0;0;0;2010;0;0;0;0;0;0;0;0;0;0;0;4;0;0;0;0;1;0;6;0;0;0;0;0;0;0;0;0;0;0;0;0;0;0;0;0;0;0;0;0
"Process Mapping Based on Memory Access Traces.txt";0;0;0;0;0;5;0;0;0;0;0;0;0;0;1;0;9;0;0;0;0;0;2010;0;0;1;0;0;0;0;0;0;0;1;10;0;0;0;2;0;0;2;0;0;0;0;0;0;0;0;0;0;0;0;0;0;0;0;0;0;0;0;0
"Scheduling Strategies Evaluation for Opportunistic Grids.txt";1;3;0;1;0;11;0;0;1;0;0;0;0;0;2;0;6;3;0;0;0;0;2010;0;1;0;0;10;0;0;6;0;0;0;21;0;0;0;3;3;1;0;0;0;0;0;0;0;0;0;0;0;0;0;0;0;0;0;0;0;0;0;0
"ShareD-GM Distributed Memory Architecture for the D-GM Environment.txt";0;0;0;0;0;0;0;0;0;0;0;0;0;0;0;0;5;0;0;0;0;0;2010;0;0;3;0;0;0;0;0;0;0;0;3;0;0;0;2;0;0;0;4;0;0;0;0;0;0;0;0;0;0;0;0;0;0;0;0;0;0;0;0
"Simulation of the Foreground-Background Queue in Parallel Systems.txt";2;4;0;1;0;0;0;0;1;0;0;4;0;0;7;0;12;0;0;0;0;0;2010;0;0;0;0;0;0;0;0;0;0;0;19;0;0;0;0;0;0;0;0;0;0;0;0;0;0;0;0;0;0;0;0;0;0;0;0;0;0;1;0
"Ubiservices A Connectivity Model to Ubiquitous Environments.txt";0;0;0;0;0;0;0;0;0;0;0;0;0;0;1;0;0;0;0;0;0;0;2010;0;0;0;0;0;0;0;0;0;0;0;0;0;0;0;2;1;0;0;0;0;0;0;0;0;0;0;0;0;0;0;0;0;0;0;0;0;0;0;0
"17261-73-13852-1-10-20210922.txt";0;0;0;0;1;7;0;0;0;0;0;0;0;0;0;0;3;0;0;0;0;0;2011;0;0;0;1;0;0;0;3;0;0;0;10;0;0;0;2;0;0;1;0;0;0;0;0;0;0;0;0;0;0;0;0;0;0;0;0;0;0;0;0
"17262-73-13853-1-10-20210922.txt";0;0;0;3;0;0;0;0;0;0;0;0;0;0;3;0;12;0;0;0;0;0;2011;2;0;55;0;0;0;0;0;0;0;4;0;0;0;0;1;0;0;0;1;0;0;0;0;0;0;0;0;0;0;0;0;0;0;0;0;0;0;0;0
"17263-73-13854-1-10-20210922.txt";0;0;0;0;3;1;0;0;0;0;0;0;0;0;0;0;11;0;0;0;0;0;2011;0;0;1;1;0;0;0;0;0;0;0;9;0;0;0;2;0;0;19;0;0;0;0;0;0;0;0;0;0;0;0;0;0;0;0;0;0;0;0;0
"17264-73-13855-1-10-20210922.txt";0;0;0;0;0;0;0;0;0;1;0;0;0;0;0;0;3;0;0;0;0;0;2011;0;0;1;1;0;0;0;0;0;0;10;3;0;0;0;1;1;0;3;0;0;0;0;0;0;0;0;0;0;0;0;0;0;0;0;0;0;0;0;0
"17265-73-13856-1-10-20210922.txt";0;0;0;0;0;7;0;0;1;0;0;0;0;0;2;2;23;0;0;0;0;0;2011;0;0;0;1;0;0;0;0;0;0;0;12;0;0;0;4;2;0;0;0;0;0;0;0;0;0;0;0;0;0;0;0;0;0;0;0;0;0;1;0
"17266-73-13857-1-10-20210922.txt";0;0;0;0;0;0;0;0;0;0;0;0;0;0;3;0;5;0;0;0;0;0;2011;0;0;0;0;0;0;0;0;0;0;0;9;0;0;0;4;1;0;2;0;0;0;0;0;0;0;0;0;0;0;0;0;0;0;0;0;0;0;0;0
"17267-73-13858-1-10-20210922.txt";0;0;0;0;0;0;0;0;0;0;0;0;0;0;0;1;10;0;0;0;0;0;2011;0;0;0;0;0;0;0;0;0;0;0;3;0;0;0;2;0;0;0;0;0;0;0;0;0;0;0;0;0;0;0;0;0;0;0;0;0;0;0;0
"17268-73-13859-1-10-20210922.txt";0;0;0;0;0;0;0;0;0;1;0;0;0;0;3;0;2;0;0;0;0;0;2011;0;0;0;0;0;0;0;0;0;0;0;0;0;0;0;15;0;0;0;0;0;0;0;0;0;0;0;0;0;0;0;0;0;0;0;0;0;0;0;0
"17269-73-13860-1-10-20210922.txt";0;0;0;0;0;1;1;0;0;0;0;0;0;0;0;0;6;1;3;0;0;0;2011;8;0;6;0;0;0;0;0;0;0;0;3;0;0;0;1;0;0;2;2;0;0;0;0;0;0;0;0;0;0;0;0;0;0;0;0;0;0;0;0
"17270-73-13861-1-10-20210922.txt";0;0;0;0;0;0;0;0;0;0;0;0;0;0;4;0;2;0;0;0;0;0;2011;0;0;0;2;0;0;0;0;0;0;0;1;0;0;0;3;0;0;1;4;0;0;0;0;0;0;0;0;0;0;0;0;0;0;0;0;0;0;0;0
"17271-73-13862-1-10-20210922.txt";6;0;2;0;5;3;0;0;0;0;0;0;0;0;19;0;37;20;2;0;0;0;2011;0;0;0;1;0;0;0;0;0;0;0;20;0;0;0;0;3;0;0;2;0;0;0;0;0;0;0;0;0;0;0;0;0;0;0;0;0;0;0;0
"17272-73-13863-1-10-20210922.txt";0;0;0;0;0;2;0;0;0;0;0;0;0;0;4;0;11;2;0;0;0;0;2011;0;0;8;0;0;0;0;0;0;0;3;12;0;0;0;1;1;0;2;7;0;0;0;0;0;0;0;0;0;0;0;0;0;0;0;0;0;0;0;0
"17273-73-13864-1-10-20210922.txt";7;0;0;0;0;3;0;0;0;0;1;0;0;0;0;0;16;1;0;0;0;0;2011;0;0;1;0;0;0;0;0;0;0;1;17;0;0;0;8;0;0;0;0;0;0;0;0;0;0;0;0;0;0;0;0;0;0;0;0;0;0;0;0
"17274-73-13865-1-10-20210922.txt";0;0;0;0;0;2;0;0;0;0;0;0;0;0;1;0;0;1;0;0;0;0;2011;0;2;0;0;0;0;0;0;0;0;0;9;0;0;0;0;0;0;0;0;0;0;0;0;0;0;0;0;0;0;0;0;0;0;0;0;0;0;0;0
"17275-73-13866-1-10-20210922.txt";0;0;0;0;0;4;0;0;0;0;0;0;0;0;0;0;19;2;0;0;0;0;2011;0;0;0;9;0;0;0;0;0;0;0;6;0;0;0;3;0;0;0;20;0;0;0;0;0;0;0;0;0;0;0;0;0;0;0;0;0;0;0;0
"A Database for Reproducible Computational Research.txt";0;0;0;0;0;0;0;0;0;0;0;0;0;0;1;0;63;0;0;0;0;0;2012;0;0;0;1;0;0;0;0;0;0;0;0;0;0;0;0;0;0;0;0;0;0;0;0;0;0;0;0;0;0;0;0;0;0;0;0;0;0;0;0
"Addressing Data-Intensive Computing Problems with the Use of MapReduce on Heterogeneous Environments as Desktop Grid on Slow Links.txt";1;1;0;0;0;4;0;0;0;0;0;0;0;0;0;0;8;0;0;0;0;0;2012;0;17;0;0;0;0;0;0;0;0;0;32;0;0;0;1;2;0;3;0;0;0;0;0;0;0;0;0;0;0;0;0;0;0;0;0;0;0;0;0
"Analysing the Impact of MPI-2 Dynamic Process Creation to the Game of Life Problem.txt";0;0;0;0;0;8;0;0;4;0;0;0;0;0;0;0;1;0;0;0;0;0;2012;0;0;0;1;0;0;0;0;0;0;0;16;0;0;0;2;0;0;0;0;0;0;0;0;0;0;0;0;0;0;0;0;0;0;0;0;0;0;0;0
"Auto-Tuning Methodology to Represent Landform Attributes on Multicore and Multi-GPU Systems.txt";0;0;0;0;0;0;0;0;0;0;0;0;0;0;2;6;20;1;0;0;0;7;2012;0;0;4;1;0;0;2;0;0;0;0;10;0;0;0;1;0;0;0;3;0;0;0;0;0;0;0;0;0;0;0;0;0;0;0;0;0;0;0;0
"CPB-ARM -- A New Code Compression Method for Embedded Systems.txt";0;0;0;0;0;5;0;0;0;0;0;0;0;0;0;0;6;0;0;0;0;0;2012;0;0;0;1;0;0;0;2;0;0;0;1;0;0;0;1;0;0;0;0;0;0;0;0;0;0;0;0;0;0;0;0;0;0;0;0;0;0;0;0
"Compressing Variable-Length Instruction Traces.txt";0;0;0;0;3;7;0;0;0;0;0;0;0;0;2;0;10;0;0;0;0;0;2012;0;0;0;0;0;0;0;0;0;0;0;0;0;0;0;1;0;0;0;0;0;0;0;0;0;0;0;0;0;0;0;0;0;0;0;0;0;0;0;0
"Design and Implementation of the PBIW Instruction Decoder in a Softcore Embedded Processor.txt";0;0;0;0;0;13;0;0;0;0;0;0;0;0;0;0;14;0;0;0;0;0;2012;0;0;0;1;0;0;0;5;0;0;0;1;0;0;0;4;0;0;0;0;0;0;0;0;0;0;0;0;0;0;0;0;0;0;0;0;0;0;0;0
"Different Approaches for QoS-Aware Web Services Composition Focused on E-Commerce Systems.txt";1;0;0;0;0;2;0;0;3;0;0;0;0;0;0;1;42;1;0;0;0;0;2012;0;0;0;0;0;0;0;0;0;0;0;17;0;0;0;1;7;0;0;0;0;1;0;0;0;0;0;0;0;0;0;0;0;0;0;0;0;0;4;0
"Efficient Implementation of Canny Edge Detection Filter for ITK Using CUDA.txt";0;0;0;2;0;0;0;0;0;0;0;0;0;0;3;0;3;0;0;0;0;0;2012;0;0;2;3;0;0;0;0;0;0;0;12;0;0;0;0;0;0;1;10;0;0;0;0;0;0;0;0;0;0;0;0;0;0;0;0;0;0;0;0
"Empirical Analysis of Multicore CPU and GPU-Based Parallel Solutions to Sustain Throughput Needed by Scalable Proxy Servers for Protected Videos.txt";0;0;0;0;0;1;0;0;0;0;0;0;0;0;6;0;24;0;0;0;0;0;2012;2;5;0;4;0;0;0;0;0;0;15;5;0;0;0;0;1;0;1;0;0;0;0;0;0;0;0;0;0;0;0;0;0;0;0;0;0;0;0;0
"Exploring Dynamic Program Behavior with Frames and Phases.txt";0;0;5;2;0;15;0;0;0;0;0;0;0;0;2;0;7;0;0;0;0;0;2012;0;0;0;2;0;0;0;0;0;0;0;5;0;0;0;5;0;0;0;0;0;0;0;0;0;0;0;0;0;0;0;0;0;0;0;0;0;0;1;0
"Exploring Multi-level Parallelism in Atmospheric Applications.txt";0;0;0;0;0;1;0;0;0;0;0;0;0;0;8;0;5;0;0;0;0;0;2012;0;0;5;0;0;0;1;0;0;0;0;18;0;0;0;1;0;0;0;14;0;0;0;0;0;0;0;0;0;0;0;0;0;0;0;0;0;0;0;0
"GPU Optimization Techniques Applied to Scale Free Gene Regulatory Networks Based on Threshold Function.txt";1;0;0;0;4;1;0;0;0;0;0;0;0;0;13;0;8;5;0;0;0;0;2012;2;0;1;0;0;0;0;0;0;0;0;3;0;0;0;15;0;0;10;7;0;0;0;0;0;0;0;0;0;0;0;0;0;0;0;0;0;0;0;0
"Implementing a Spontaneous Social Network for Managing Ubiquitous Interactions.txt";0;0;0;0;0;1;0;0;1;0;0;0;0;0;9;0;6;0;0;0;0;0;2012;0;2;0;0;0;0;0;0;0;0;0;0;0;0;0;4;1;0;0;0;0;0;0;0;0;0;0;0;0;0;0;0;0;0;0;0;0;0;0;0
"Improving the Quality of Service of Fault Detection in Distributed Platforms under Adverse Network Conditions.txt";8;0;0;0;0;11;0;0;1;0;0;0;0;0;2;0;7;4;0;0;0;0;2012;0;0;0;2;0;0;0;0;0;0;0;0;0;0;0;14;1;0;0;0;0;0;0;0;0;0;0;0;0;0;0;0;0;0;0;0;0;0;0;0
"Integration of Cloud Services in Support to Tests- Simulations and Knowledge Dissemination with Cluster Environments.txt";0;0;0;0;0;0;0;0;0;0;0;0;0;0;0;0;4;0;0;0;0;0;2012;0;0;0;0;0;0;0;0;0;0;0;1;0;0;0;25;2;0;0;0;0;0;0;0;0;0;0;0;0;0;0;0;0;0;0;0;0;0;0;0
"Optimizing_Simulation_in_Multiprocessor_Platforms_Using_Dynamic-Compiled_Simulation.txt";0;0;0;0;0;10;0;0;1;0;0;0;0;0;1;0;2;0;0;0;0;0;2012;0;0;2;0;0;0;0;31;0;0;0;6;0;0;0;0;0;0;0;6;0;0;0;0;0;0;0;0;0;0;0;0;0;0;0;0;0;0;0;0
"Performance Evaluation of Virtual Machine Monitors for Cloud Computing.txt";0;0;0;0;0;3;0;0;1;1;0;0;0;0;2;2;31;0;0;0;0;0;2012;0;0;0;1;0;0;0;0;0;0;0;29;0;0;0;4;0;0;0;0;0;1;0;0;0;0;0;0;0;0;0;0;0;0;0;0;0;0;1;0
"Performance Evaluation of Virtualization Technologies for Databases in HPC Environments.txt";0;0;0;0;0;3;0;0;0;0;0;0;0;0;0;0;3;0;0;0;0;0;2012;0;0;0;0;0;0;0;0;0;0;1;2;0;0;1;32;3;0;0;0;0;0;0;0;0;0;0;0;0;0;0;0;0;0;0;0;0;0;1;0
"Problem Oriented Approach to Hardware-Assisted Algorithm Design in C A Case Study for Scheduling- Placement and Routing.txt";0;0;0;0;0;3;0;0;0;0;0;0;0;0;0;0;5;0;0;0;0;0;2012;0;0;0;0;0;0;0;0;0;0;5;11;0;0;0;0;0;0;1;0;0;0;0;0;0;0;0;0;0;0;0;0;0;0;0;0;0;0;0;0
"U-Ductor A Model for Supporting Ubiquitous Chronic Disease Care Management.txt";0;0;0;0;0;0;0;0;0;0;0;0;0;0;1;0;3;0;0;0;0;0;2012;0;0;0;1;0;0;0;0;0;0;0;0;0;0;0;3;0;0;0;0;0;0;0;0;0;0;0;0;0;0;0;0;0;0;0;0;0;0;0;0
"Unpopular Addresses Should Not Pollute the Cache.txt";0;0;0;0;0;5;0;0;0;0;0;0;0;0;2;0;0;2;0;0;0;0;2012;0;0;0;0;0;0;0;1;0;0;0;1;0;0;0;2;0;0;0;0;0;0;0;0;0;0;0;0;0;0;0;0;0;0;0;0;0;0;0;0
"Work Stealing on Hybrid Architectures.txt";0;0;0;0;0;1;0;0;0;0;0;0;0;0;6;0;6;1;0;0;0;0;2012;0;0;0;0;0;0;0;0;0;0;0;0;0;0;0;1;0;0;0;0;0;0;0;0;0;0;0;0;0;0;0;0;0;0;0;0;0;0;0;0
"16767-73-13506-1-10-20210730.txt";1;0;0;0;0;2;0;0;0;0;0;0;0;0;6;0;5;0;1;0;0;0;2013;0;1;0;6;0;0;0;0;0;0;0;12;0;0;0;1;1;0;0;6;0;0;0;0;0;0;0;0;0;0;0;0;0;0;0;0;0;0;0;0
"16768-73-13507-1-10-20210730.txt";0;4;0;0;0;2;0;0;1;0;0;3;0;0;13;0;11;8;43;0;0;0;2013;0;0;1;13;0;0;0;0;0;0;0;17;0;0;0;1;0;0;6;17;0;0;0;0;0;0;0;0;0;0;0;0;0;0;0;0;0;0;0;0
"16769-73-13508-1-10-20210730.txt";0;0;0;0;0;4;0;0;0;0;0;0;0;0;3;0;2;3;0;0;0;0;2013;0;0;2;2;0;0;1;0;0;0;0;3;0;0;0;3;1;0;1;9;0;0;0;0;0;0;0;0;0;0;0;0;0;0;0;0;0;0;0;0
"16770-73-13509-1-10-20210730.txt";1;0;0;2;0;6;0;0;0;0;0;0;0;0;2;0;4;0;0;0;0;1;2013;0;0;10;1;0;0;0;0;0;0;0;1;0;0;0;1;0;0;0;4;0;0;0;0;0;0;0;0;0;0;0;0;0;0;0;0;0;0;0;0
"16771-73-13510-1-10-20210730.txt";0;0;0;0;0;27;0;0;0;0;0;0;0;0;0;0;1;0;0;0;0;0;2013;0;0;0;1;0;0;0;26;0;0;0;2;0;0;0;0;0;0;1;0;0;0;0;0;0;0;0;0;0;0;0;0;0;0;0;0;0;0;0;0
"16772-73-13511-1-10-20210730.txt";0;0;0;0;0;0;0;0;0;0;0;0;0;0;2;0;2;0;0;0;0;0;2013;0;16;0;0;0;0;0;0;0;0;0;0;0;0;0;4;0;0;0;0;0;0;0;0;0;0;0;0;0;0;0;0;0;0;0;0;0;0;0;0
"16773-73-13512-1-10-20210730.txt";0;0;0;0;0;1;0;0;0;0;0;0;0;0;4;0;3;0;0;0;0;0;2013;0;0;0;1;0;0;0;2;0;0;0;8;0;0;0;2;0;0;0;0;0;0;0;0;0;0;0;0;0;0;0;0;0;0;0;0;0;0;0;0
"16774-73-13513-1-10-20210730.txt";0;0;0;0;0;4;0;0;0;0;0;0;0;0;2;0;10;0;0;0;0;0;2013;0;0;0;0;0;0;0;6;0;0;0;3;0;0;0;3;0;0;0;16;0;0;0;0;0;0;0;0;0;0;0;0;0;0;0;0;0;0;0;0
"16775-73-13514-1-10-20210730.txt";0;0;0;0;0;3;0;0;2;0;0;0;0;0;9;0;8;0;0;0;0;0;2013;0;0;1;1;0;0;0;0;0;0;0;13;0;0;0;0;0;0;2;0;0;0;0;0;0;0;0;0;0;0;0;0;0;0;0;0;0;0;0;0
"16776-73-13515-1-10-20210730.txt";0;0;0;0;0;0;0;0;0;0;0;0;0;0;1;0;9;4;0;0;0;0;2013;0;0;0;1;0;0;0;0;0;0;0;10;0;0;0;0;0;0;0;16;0;0;0;0;0;0;0;0;0;0;0;0;0;0;0;0;0;0;0;0
"16777-73-13516-1-10-20210730.txt";0;0;0;0;1;11;0;0;0;0;0;0;0;0;1;0;6;0;0;0;0;0;2013;0;0;4;0;0;0;0;0;0;0;0;0;0;0;0;0;0;0;12;0;0;0;0;0;0;0;0;0;0;0;0;0;0;0;0;0;0;0;0;0
"16778-73-13517-1-10-20210730.txt";0;1;0;0;0;6;0;0;0;0;0;0;0;0;0;0;1;1;0;0;0;0;2013;4;4;1;1;0;0;0;0;0;0;6;0;0;0;0;1;0;0;24;0;0;0;0;0;0;0;0;0;0;0;0;0;0;0;0;0;0;0;0;0
"16779-73-13518-1-10-20210730.txt";15;0;2;0;0;5;0;0;1;0;0;0;0;0;0;0;0;1;3;0;0;1;2013;0;1;10;0;0;0;0;0;3;0;1;0;0;0;0;5;0;1;0;0;0;0;0;0;0;0;0;0;0;0;0;0;0;0;0;0;0;0;0;0
"16780-73-13519-1-10-20210730.txt";0;0;0;0;0;1;0;0;0;0;0;0;0;0;0;0;1;5;0;0;0;0;2013;0;0;0;0;0;0;0;0;0;0;0;4;0;0;0;5;4;7;7;0;0;0;0;0;0;0;0;0;0;0;0;0;0;0;0;0;0;0;0;0
"16781-73-13520-1-10-20210730.txt";0;0;0;0;0;9;0;13;0;0;0;0;0;0;0;0;6;1;0;0;0;1;2013;5;4;0;8;0;0;0;0;0;0;1;4;0;0;0;15;3;1;1;0;0;0;0;0;0;0;0;0;0;0;0;0;0;0;0;0;0;0;0;0
"16782-73-13521-1-10-20210730.txt";0;0;0;0;0;3;0;0;0;0;0;0;0;0;6;0;25;0;0;3;0;0;2013;0;0;0;5;0;0;0;0;0;0;0;14;0;0;0;2;0;0;0;0;0;0;0;0;0;0;0;0;0;0;0;0;0;0;0;0;0;0;0;0
"16783-73-13522-1-10-20210730.txt";0;0;0;0;0;4;0;0;0;0;0;0;0;0;6;0;11;0;0;0;0;0;2013;0;0;0;0;0;0;0;0;0;0;0;0;0;0;0;0;0;0;0;0;0;0;0;0;0;0;0;0;0;0;0;0;0;0;0;0;0;0;0;0
"16784-73-13523-1-10-20210730.txt";0;0;0;0;0;2;0;0;0;0;0;0;0;0;5;0;9;2;0;0;0;0;2013;0;0;0;1;0;0;0;0;0;0;0;19;0;0;0;3;0;0;0;12;0;0;0;0;0;0;0;0;0;0;0;0;0;0;0;0;0;0;0;0
"16785-73-13524-1-10-20210730.txt";0;0;0;0;0;0;0;0;0;0;0;0;0;0;3;0;4;0;0;0;0;0;2013;0;0;2;0;0;0;0;0;0;0;0;33;0;0;0;8;0;0;0;3;0;0;0;0;0;0;0;0;0;0;0;0;0;0;0;0;0;0;0;0
"16786-73-13525-1-10-20210730.txt";0;0;0;0;0;1;0;0;0;0;0;0;0;0;10;0;13;3;0;1;0;0;2013;0;0;1;14;0;0;0;0;0;0;0;12;0;0;0;4;1;0;0;15;0;0;0;0;0;0;0;0;0;0;0;0;0;0;0;0;0;0;0;0
"14995-73-11833-1-10-20210504.txt";0;1;0;0;0;29;0;0;6;0;0;0;4;0;0;0;2;1;0;0;0;0;2014;0;0;0;0;0;0;0;0;0;0;43;0;0;0;0;1;1;0;2;0;0;0;0;0;0;0;0;0;0;0;0;0;0;0;0;0;0;0;0;0
"14996-73-11834-1-10-20210504.txt";3;0;0;0;0;5;0;0;0;0;0;0;0;0;0;0;0;3;0;0;0;0;2014;0;0;2;0;0;0;0;0;0;0;0;3;0;0;0;0;0;0;2;25;0;0;0;0;0;0;0;0;0;0;0;0;0;0;0;0;0;0;0;0
"14997-73-11835-1-10-20210504.txt";0;0;0;0;0;1;0;0;2;0;0;0;0;0;2;0;11;0;0;0;0;0;2014;0;0;3;1;0;0;0;0;0;0;0;9;0;0;0;0;1;0;0;7;0;0;0;0;0;0;0;0;0;0;0;0;0;0;0;0;0;0;0;0
"14998-73-11836-1-10-20210504.txt";0;0;0;0;0;0;0;0;0;0;0;0;0;0;0;0;10;0;0;0;0;0;2014;0;0;0;0;0;0;0;0;0;0;0;8;0;0;0;1;2;0;0;2;0;0;0;0;0;0;0;0;0;0;0;0;0;0;0;0;0;0;0;0
"14999-73-11837-1-10-20210504.txt";0;0;0;0;0;4;0;0;0;0;0;0;0;0;0;0;21;0;1;0;0;0;2014;1;1;0;0;0;0;0;0;0;0;7;20;0;0;0;2;0;0;1;0;0;0;0;0;0;0;0;0;0;0;0;0;0;0;0;0;0;0;1;0
"15000-73-11838-1-10-20210504.txt";0;0;0;0;0;6;0;0;0;0;0;0;0;0;1;0;0;0;0;1;0;0;2014;0;1;0;1;0;0;0;0;0;0;0;4;0;0;0;0;0;0;0;0;0;0;0;0;0;0;0;0;0;0;0;0;0;0;0;0;0;0;0;0
"15001-73-11839-1-10-20210504.txt";4;0;0;0;0;12;0;0;1;0;0;0;0;0;1;0;7;18;1;0;0;0;2014;0;0;0;0;0;0;0;0;0;0;0;37;0;0;0;2;0;0;0;0;0;0;0;0;0;0;0;0;0;0;0;0;0;0;0;0;0;0;0;0
"15002-73-11840-1-10-20210504.txt";0;0;0;0;0;0;0;0;0;0;0;0;0;0;0;0;4;0;0;0;0;0;2014;0;0;0;1;0;0;0;0;0;0;0;4;0;0;0;13;1;0;0;0;0;0;0;0;0;0;0;0;0;0;0;0;0;0;0;0;0;0;0;0
"15003-73-11841-1-10-20210504.txt";0;0;0;0;0;0;0;0;1;0;0;0;0;0;1;0;3;0;0;0;0;0;2014;0;0;0;1;0;0;0;0;0;0;0;1;0;0;0;0;0;0;0;4;0;0;0;0;0;0;0;0;0;0;0;0;0;0;0;0;0;0;0;0
"15004-73-11842-1-10-20210504.txt";0;0;0;0;0;2;0;0;0;0;0;0;0;0;5;0;1;0;0;0;0;0;2014;0;0;0;12;0;0;2;2;0;0;0;7;0;0;0;0;0;0;0;3;0;0;0;0;0;0;0;0;0;0;0;0;0;0;0;0;0;0;0;0
"15005-73-11843-1-10-20210504.txt";0;0;0;0;0;0;0;0;0;0;0;0;0;0;1;0;3;0;0;0;0;0;2014;0;0;6;3;0;0;0;0;0;0;0;2;0;0;0;1;0;0;0;0;0;0;0;0;0;0;0;0;0;0;0;0;0;0;0;0;0;0;0;0
"15006-73-11844-1-10-20210504.txt";0;0;0;0;0;4;0;0;0;0;0;0;0;0;0;0;3;0;0;0;0;0;2014;0;0;1;1;0;0;0;0;0;0;0;1;0;0;0;5;0;0;0;20;0;0;0;0;0;0;0;0;0;0;0;0;0;0;0;0;0;0;0;0
"15007-73-11845-1-10-20210504.txt";0;0;0;0;0;0;0;0;0;0;0;0;0;0;0;0;0;0;0;0;0;0;2014;0;0;1;4;0;0;0;0;0;0;0;1;0;0;0;0;0;0;0;5;0;0;0;0;0;0;0;0;0;0;0;0;0;0;0;0;0;0;0;0
"15008-73-11846-1-10-20210504.txt";0;0;0;0;0;3;0;0;0;0;2;0;0;0;1;0;6;1;0;0;0;0;2014;0;11;0;0;0;0;0;0;0;0;0;10;0;0;0;7;7;0;0;0;0;0;0;0;0;0;0;0;0;0;0;0;0;0;0;0;0;0;0;0
"15009-73-11847-1-10-20210504.txt";0;0;0;0;0;1;0;0;0;0;0;0;0;0;1;0;4;1;0;0;0;0;2014;0;1;5;0;0;0;0;0;0;0;0;2;0;0;0;0;0;1;3;1;0;0;0;0;0;0;0;0;0;0;0;0;0;0;0;0;0;0;1;0
"15010-73-11848-1-10-20210504.txt";0;0;0;0;0;1;0;0;1;0;0;0;0;0;0;0;1;3;0;0;0;0;2014;0;0;1;0;0;0;0;0;0;0;0;3;0;0;0;1;0;0;0;0;0;0;0;0;0;0;0;0;0;0;0;0;0;0;0;0;0;0;0;0
"15011-73-11849-1-10-20210504.txt";0;0;0;0;0;0;0;0;0;1;0;0;0;0;0;0;8;0;0;0;0;0;2014;0;0;0;2;0;0;0;0;0;0;0;11;0;0;0;14;1;0;0;0;0;0;0;0;0;0;0;0;0;0;0;0;0;0;0;0;0;0;0;0
"15012-73-11850-1-10-20210504.txt";0;0;0;0;0;4;0;0;0;0;0;0;0;0;2;0;10;3;0;0;0;0;2014;0;0;0;0;0;0;0;0;0;0;3;1;0;0;0;13;0;0;28;0;0;0;0;0;0;0;0;0;0;0;0;0;0;0;0;0;0;0;0;0
"14267-73-11164-1-10-20210317.txt";0;0;0;0;0;9;0;0;0;0;0;0;0;0;0;0;4;0;32;0;0;0;2015;0;0;8;1;0;0;0;0;0;0;0;17;0;0;0;0;0;0;0;13;0;0;0;0;0;0;0;0;0;0;0;0;0;0;0;0;0;0;1;0
"14268-73-11165-1-10-20210317.txt";0;0;0;0;0;2;0;3;0;0;1;0;0;0;0;0;10;0;0;0;0;0;2015;4;3;3;0;0;0;0;0;0;0;0;0;0;0;0;0;2;0;3;9;0;0;0;0;0;0;0;0;0;0;0;0;0;0;0;0;0;0;0;0
"14269-73-11166-1-10-20210317.txt";0;0;0;0;0;0;0;0;0;0;0;0;0;0;2;0;7;1;0;0;0;0;2015;0;0;0;0;0;0;0;0;0;0;0;4;0;0;0;2;0;0;0;0;0;0;0;0;0;0;0;0;0;0;0;0;0;0;0;0;0;0;0;0
"14270-73-11167-1-10-20210317.txt";0;0;0;0;0;12;0;0;8;0;0;7;0;0;0;0;23;0;0;0;0;0;2015;0;0;10;4;0;0;0;0;0;0;0;3;0;0;0;5;0;0;0;0;0;0;0;0;0;0;0;0;0;0;0;0;0;0;0;0;0;0;1;0
"14271-73-11168-1-10-20210317.txt";0;0;0;0;1;9;0;0;1;0;0;0;0;0;0;0;15;6;0;0;0;0;2015;0;0;0;0;0;0;0;12;0;0;0;0;0;0;0;0;1;0;0;0;0;0;0;0;0;0;0;0;0;0;0;0;0;0;0;0;0;0;2;0
"14272-73-11169-1-10-20210317.txt";0;0;0;0;0;4;0;0;0;0;0;0;0;0;0;0;3;0;0;0;0;0;2015;0;0;1;1;0;0;0;5;0;0;0;1;0;0;0;0;0;1;1;0;0;0;0;0;0;0;0;0;0;0;0;0;0;0;0;0;0;0;0;0
"14273-73-11170-1-10-20210317.txt";0;0;0;0;0;6;0;0;1;0;0;0;0;0;0;0;14;1;3;0;0;1;2015;0;0;0;0;0;0;0;0;0;0;0;15;0;0;0;2;0;0;0;0;0;0;0;0;0;0;0;0;0;0;0;0;0;0;0;0;0;0;0;0
"14274-73-11171-1-10-20210317.txt";0;0;0;0;0;0;0;0;0;0;0;0;0;0;0;0;6;0;0;0;0;1;2015;0;0;2;1;0;0;0;1;0;0;0;1;0;0;0;0;0;0;1;0;0;0;0;0;0;0;0;0;0;0;0;0;0;0;0;0;0;0;0;0
"14275-73-11172-1-10-20210317.txt";0;0;0;0;0;0;0;0;0;0;0;0;0;0;1;0;13;0;0;0;0;0;2015;0;0;2;4;0;0;0;0;0;0;0;0;0;0;0;11;0;0;0;0;0;0;0;0;0;0;0;0;0;0;0;0;0;0;0;0;0;0;0;0
"14276-73-11173-1-10-20210317.txt";0;0;0;0;0;0;0;0;0;0;0;2;0;0;1;0;5;0;0;0;0;0;2015;0;0;0;3;0;0;0;0;0;0;0;20;0;0;0;0;0;0;0;0;0;0;0;0;0;0;0;0;0;0;0;0;0;0;0;0;0;0;0;0
"14277-73-11174-1-10-20210317.txt";0;0;0;0;0;0;0;0;0;0;0;0;0;0;0;0;6;0;0;0;0;0;2015;7;0;0;2;0;0;0;0;0;0;0;12;0;0;0;2;0;0;0;3;0;0;0;0;0;0;0;0;0;0;0;0;0;0;0;0;0;0;0;0
"14278-73-11175-1-10-20210317.txt";0;0;2;0;0;10;0;0;0;0;0;0;0;0;10;0;10;0;0;0;0;0;2015;0;0;6;9;0;0;0;0;0;0;0;16;0;0;0;0;0;0;0;13;0;0;0;0;0;0;0;0;0;0;0;0;0;0;0;0;0;0;1;0
"14279-73-11176-1-10-20210317.txt";0;0;0;0;1;1;0;0;3;0;0;0;0;0;2;0;16;0;0;0;0;0;2015;1;0;2;0;0;0;0;0;0;0;0;12;0;0;0;3;0;0;2;1;0;0;0;0;0;0;0;0;0;0;0;0;0;0;0;0;0;0;0;0
"14280-73-11177-1-10-20210317.txt";7;4;0;0;0;6;0;0;4;2;0;0;0;0;2;0;11;6;0;0;0;0;2015;0;0;1;1;0;0;0;0;0;0;0;5;0;0;0;0;1;0;0;0;0;0;0;0;0;0;0;0;0;0;0;0;0;0;0;0;0;0;0;0
"14281-73-11178-1-10-20210317.txt";0;0;0;0;0;10;0;0;0;0;0;0;0;0;2;0;17;0;0;0;0;0;2015;0;0;0;1;0;0;0;0;0;0;1;5;0;0;0;7;0;0;0;0;0;0;0;0;0;0;0;0;0;0;0;0;0;0;0;0;0;0;0;0
"14282-73-11179-1-10-20210317.txt";0;0;0;0;0;1;0;0;1;0;0;0;0;0;3;0;0;0;0;0;0;0;2015;0;0;0;0;0;0;0;0;0;0;0;13;0;0;0;5;0;0;0;3;0;0;0;0;0;0;0;0;0;0;0;0;0;0;0;0;0;0;0;0
"14283-73-11180-1-10-20210317.txt";0;0;0;0;0;1;0;0;0;0;0;0;0;0;1;0;14;5;0;0;0;0;2015;0;1;0;3;0;0;0;0;0;0;0;5;0;0;0;0;0;0;0;9;0;0;0;0;0;0;0;0;0;0;0;0;0;0;0;0;0;0;0;0
"14284-73-11181-1-10-20210317.txt";0;0;0;0;0;0;0;0;0;0;0;0;0;0;0;0;2;0;0;0;0;0;2015;0;0;0;0;0;0;0;0;0;0;0;4;0;0;0;0;0;0;0;5;0;0;0;0;0;0;0;0;0;0;0;0;0;0;0;0;0;0;0;0
"14285-73-11182-1-10-20210317.txt";0;0;1;0;0;4;0;0;0;0;0;0;0;0;0;0;8;0;0;0;0;0;2015;0;2;0;0;0;0;0;0;0;0;0;7;0;0;0;2;0;0;0;3;0;0;0;0;0;0;0;0;0;0;0;0;0;0;0;0;0;0;0;0
"14286-73-11183-1-10-20210317.txt";1;0;0;0;0;2;0;0;1;0;0;0;0;0;6;0;14;0;0;0;0;0;2015;0;0;1;6;0;0;0;0;0;0;0;12;0;0;0;6;0;0;0;5;0;1;0;0;0;0;0;0;0;0;0;0;0;0;0;0;0;0;0;0
"14287-73-11184-1-10-20210317.txt";0;0;0;0;0;3;0;0;1;0;0;0;0;0;4;0;14;0;3;0;0;0;2015;3;3;1;9;0;0;2;0;0;0;0;11;0;1;0;0;2;0;0;0;0;0;0;0;0;0;0;0;0;0;0;0;0;0;0;0;0;0;1;0
"14288-73-11185-1-10-20210317.txt";0;0;0;0;0;2;0;0;0;0;0;0;0;0;6;0;0;0;0;0;0;0;2015;0;6;36;44;0;0;18;0;0;0;0;2;0;0;0;3;0;0;0;1;0;0;0;0;0;0;0;0;0;0;0;0;0;0;0;0;0;0;0;0
"14243-73-11140-1-10-20210312.txt";0;2;0;0;0;7;0;0;0;0;0;0;0;0;6;0;22;21;1;0;0;0;2016;0;0;0;22;0;0;0;0;0;0;0;16;0;0;0;1;0;0;0;0;0;0;0;0;0;0;0;0;1;0;0;0;0;0;0;0;0;0;0;0
"14244-73-11141-1-10-20210312.txt";0;0;0;0;0;2;1;0;0;0;0;0;0;0;0;0;0;4;0;0;0;0;2016;0;0;0;1;0;0;0;7;0;0;0;0;0;0;0;0;1;0;8;0;0;0;0;0;0;0;0;0;0;0;0;0;0;0;0;0;0;0;0;0
"14245-73-11142-1-10-20210312.txt";0;0;0;0;0;0;0;0;0;0;0;0;0;0;0;0;3;0;0;1;0;1;2016;0;1;1;0;0;0;0;0;0;0;0;4;0;0;0;6;2;0;0;0;0;0;0;0;0;0;0;0;0;0;0;0;0;0;0;0;0;0;0;0
"14246-73-11143-1-10-20210312.txt";1;0;15;0;2;4;3;0;0;0;0;0;0;0;4;0;20;0;0;0;0;0;2016;0;0;5;27;0;0;0;0;0;0;0;4;0;0;0;0;0;0;0;6;0;0;0;0;0;0;0;0;0;0;0;0;0;0;0;0;0;0;1;0
"14247-73-11144-1-10-20210312.txt";0;0;0;0;0;0;0;0;0;0;0;0;0;0;4;0;6;1;0;0;0;0;2016;0;0;1;0;0;0;0;0;0;0;0;2;0;0;0;0;0;0;3;8;0;0;0;0;0;0;0;0;0;0;0;0;0;0;0;0;0;0;1;0
"14248-73-11145-1-10-20210312.txt";1;0;0;0;0;6;0;0;0;0;0;0;0;0;1;0;16;1;0;0;0;0;2016;0;0;0;0;0;0;0;0;0;0;0;0;0;0;0;3;0;0;0;2;0;0;0;0;0;0;0;0;0;0;0;0;0;0;0;0;0;0;0;0
"14249-73-11146-1-10-20210312.txt";0;0;1;1;0;4;0;0;0;0;0;0;0;0;0;0;13;1;0;0;0;0;2016;1;0;1;5;0;0;0;0;0;0;0;5;0;0;0;0;0;0;0;18;0;0;0;0;0;0;0;0;0;0;0;0;0;0;0;0;0;0;0;0
"14250-73-11147-1-10-20210312.txt";0;0;0;0;0;2;0;0;0;0;0;0;0;0;1;0;15;0;0;0;0;0;2016;0;0;0;0;0;0;0;0;0;0;0;0;0;0;0;2;0;0;0;13;0;0;0;0;0;0;0;0;0;0;0;0;0;0;0;0;0;0;1;0
"14251-73-11148-1-10-20210312.txt";0;0;1;0;0;0;0;0;0;0;0;0;0;0;2;0;18;0;0;0;0;0;2016;0;0;2;0;0;0;2;0;0;0;0;1;0;0;0;1;0;0;0;0;0;0;0;0;0;0;0;0;0;0;0;0;0;0;0;0;0;0;0;0
"14252-73-11149-1-10-20210312.txt";0;0;0;0;0;5;0;0;5;0;0;0;0;0;1;0;2;0;0;0;0;0;2016;22;0;1;0;0;0;0;0;0;0;0;9;0;0;0;0;1;0;4;0;0;0;0;0;0;0;0;0;0;0;0;0;0;0;0;0;0;0;0;0
"14253-73-11150-1-10-20210312.txt";0;0;0;0;0;1;0;0;0;0;0;0;0;0;0;0;3;0;0;0;0;0;2016;0;0;0;0;0;0;0;0;0;0;0;8;0;0;0;13;0;0;6;1;0;0;0;0;0;0;0;0;0;0;0;0;0;0;0;0;0;0;0;0
"14254-73-11151-1-10-20210312.txt";1;0;0;0;0;3;1;0;1;0;0;0;0;0;0;0;13;1;2;0;0;0;2016;0;0;1;0;0;0;0;0;0;0;2;11;0;0;0;0;0;0;3;14;0;0;0;0;0;0;0;0;0;0;0;0;0;0;0;0;0;0;0;0
"14255-73-11152-1-10-20210312.txt";0;0;0;0;0;6;0;0;1;0;0;0;0;0;0;0;10;1;0;0;0;0;2016;2;2;0;2;0;0;0;0;0;0;7;4;0;0;1;18;0;0;6;0;0;1;0;0;0;0;0;0;0;0;0;0;0;0;0;0;0;0;1;0
"14256-73-11153-1-10-20210312.txt";0;1;0;0;0;2;3;0;2;0;0;0;0;0;2;0;8;1;0;0;0;0;2016;0;0;0;0;0;0;0;0;0;0;0;6;0;0;0;0;0;0;0;0;0;0;0;0;0;0;0;0;0;0;0;0;0;0;0;0;0;0;1;0
"14257-73-11154-1-10-20210312.txt";0;0;0;0;0;0;0;0;0;0;0;0;0;0;9;0;2;0;0;0;0;0;2016;0;0;0;0;0;0;0;0;0;0;0;1;0;0;0;1;0;0;0;0;0;0;0;0;0;0;0;0;0;0;0;0;0;0;0;0;0;0;0;0
"14258-73-11155-1-10-20210312.txt";0;0;1;4;0;0;0;0;0;0;0;0;0;0;10;1;38;0;0;0;0;19;2016;2;0;0;1;0;0;1;0;0;0;0;0;0;0;0;5;1;0;0;0;0;0;0;0;7;0;0;0;0;2;0;4;0;0;0;0;0;0;1;0
"14259-73-11156-1-10-20210312.txt";1;0;0;0;0;9;0;0;5;0;0;0;0;0;2;0;17;0;0;0;0;0;2016;0;0;0;2;0;0;0;0;0;0;0;4;0;0;0;3;3;0;0;0;0;0;0;0;0;0;0;0;0;0;0;0;0;0;0;0;0;0;0;0
"14260-73-11157-1-10-20210312.txt";0;0;0;0;0;11;0;0;1;0;0;0;0;0;1;0;7;0;0;0;0;1;2016;0;0;0;1;0;0;0;0;0;0;0;6;0;0;0;1;0;0;1;3;0;0;0;0;0;0;0;0;0;0;0;0;0;0;0;0;0;0;0;0
"14261-73-11158-1-10-20210312.txt";0;0;0;0;0;5;0;0;2;0;0;0;0;0;0;0;22;0;1;0;0;0;2016;0;2;0;0;0;0;0;0;0;0;0;18;0;0;0;1;2;0;0;31;0;0;0;0;0;0;0;0;0;0;0;0;0;0;0;0;0;0;0;0
"14262-73-11159-1-10-20210312.txt";0;0;0;0;0;8;0;0;0;0;0;0;0;0;3;0;0;0;0;0;0;0;2016;0;0;0;0;0;0;13;1;0;0;0;2;0;0;0;1;0;0;0;0;0;0;0;0;0;0;0;0;0;0;0;0;0;0;0;0;0;0;0;0
"14263-73-11160-1-10-20210312.txt";1;0;0;0;0;3;0;0;0;0;0;0;0;0;0;0;30;0;0;0;0;0;2016;0;0;0;0;0;0;0;0;0;0;0;11;0;0;0;10;0;0;0;0;0;0;0;0;0;0;0;0;0;0;0;0;0;0;0;0;0;0;0;0
"14264-73-11161-1-10-20210312.txt";0;0;0;0;0;2;0;0;0;0;0;0;0;0;1;0;10;4;0;0;0;0;2016;0;2;0;0;0;0;2;0;0;0;5;8;0;0;0;13;0;0;0;0;0;0;0;0;0;0;0;0;0;0;0;0;0;0;0;0;0;0;0;0
"14265-73-11162-1-10-20210312.txt";0;0;0;0;0;0;0;0;1;0;0;0;0;0;2;0;10;0;0;0;0;0;2016;0;0;0;0;0;0;0;0;0;0;0;8;0;0;0;2;0;0;0;58;0;0;0;0;0;0;0;0;0;0;0;0;0;0;0;0;0;0;0;0
"14266-73-11163-1-10-20210312.txt";0;0;0;0;0;1;0;0;1;0;0;0;0;0;2;0;19;0;0;0;0;0;2016;0;0;0;0;0;0;0;0;0;0;1;0;0;0;0;0;0;0;0;0;0;0;0;0;0;0;0;0;0;0;0;0;0;0;0;0;0;0;0;0
"234-73-245-1983-2-20171017.txt";0;0;0;0;8;0;0;0;0;0;0;0;0;0;2;0;4;0;0;0;0;0;2017;0;1;0;3;0;0;0;0;0;0;0;2;0;0;0;3;0;0;0;0;0;0;0;0;0;0;0;0;0;0;0;0;0;0;0;0;0;0;0;0
"235-73-246-1984-2-20171017.txt";0;0;0;0;0;1;22;0;2;0;0;0;0;0;13;0;8;0;0;0;0;0;2017;0;0;0;1;0;0;0;0;0;0;0;15;0;0;0;0;0;0;0;2;0;0;0;0;0;0;0;0;0;0;0;0;0;0;0;0;0;0;0;0
"236-73-247-1985-2-20171017.txt";0;0;0;0;0;2;0;0;3;0;0;0;0;0;0;0;3;0;0;0;0;0;2017;0;0;0;0;0;0;0;0;0;0;0;2;0;0;0;1;0;0;0;0;0;0;0;0;0;0;0;0;0;0;0;0;0;0;0;0;0;0;0;0
"237-73-248-1986-2-20171017.txt";0;0;0;0;0;1;0;0;0;0;0;0;1;0;5;0;10;1;0;0;0;0;2017;0;0;0;0;0;0;0;0;0;0;1;6;0;0;0;0;0;0;1;1;0;0;0;0;0;0;0;0;0;0;0;0;0;0;0;0;0;0;0;0
"238-73-249-1987-2-20171017.txt";0;0;0;0;0;4;0;0;1;0;0;0;0;0;1;0;16;0;0;0;0;0;2017;0;0;0;4;0;0;0;0;0;0;0;21;0;0;0;1;0;0;1;7;0;0;0;0;0;0;0;0;0;0;0;0;0;0;0;0;0;0;0;0
"239-73-250-1988-2-20171017.txt";0;0;1;1;0;3;0;0;0;0;0;0;0;0;2;0;2;0;0;0;0;0;2017;3;0;0;4;0;0;0;0;0;0;0;2;0;0;0;1;0;0;0;9;0;0;0;0;0;0;0;0;0;0;0;0;0;0;0;0;0;0;0;0
"240-73-251-1989-2-20171017.txt";0;0;0;0;0;7;0;0;0;0;0;8;0;0;1;0;11;1;0;0;0;0;2017;0;0;0;0;0;0;0;0;0;0;0;13;0;0;0;0;0;0;0;15;0;0;0;0;0;0;0;0;0;0;0;0;0;0;0;0;0;0;0;0
"241-73-252-1990-2-20171017.txt";0;0;0;0;0;2;0;0;0;0;0;2;0;0;2;0;8;0;0;0;0;0;2017;0;0;1;0;0;0;0;0;0;0;0;7;0;0;0;3;0;0;0;27;0;0;0;0;0;0;0;0;0;0;0;0;0;0;0;0;0;0;0;0
"242-73-253-1991-2-20171017.txt";0;0;0;0;0;8;0;0;0;0;0;0;0;0;2;0;8;0;10;0;0;0;2017;0;0;1;2;0;0;0;0;0;0;0;21;0;0;0;1;1;0;2;1;0;0;0;0;0;0;0;0;0;0;0;0;0;0;0;0;0;0;0;0
"243-73-254-1992-2-20171017.txt";0;0;0;0;0;15;0;0;0;0;0;0;0;0;16;0;12;0;0;0;0;0;2017;0;0;0;1;0;0;0;0;0;0;3;8;0;0;0;1;1;0;2;14;0;0;0;0;0;0;0;0;0;0;0;0;0;0;0;0;0;0;0;0
"244-73-255-1993-2-20171017.txt";0;0;0;0;0;6;0;0;0;0;0;0;0;0;0;0;5;0;0;0;0;0;2017;0;0;3;4;0;0;0;0;0;0;0;0;0;0;0;3;1;0;0;0;0;0;0;0;0;0;0;0;0;0;0;0;0;0;0;0;0;0;0;0
"245-73-256-1994-2-20171017.txt";0;0;0;0;0;5;0;0;1;0;0;0;0;0;2;0;21;2;1;0;0;0;2017;5;1;1;0;0;0;0;0;0;0;4;7;0;0;0;3;0;0;0;0;0;0;0;0;0;0;0;0;0;0;0;0;0;0;0;0;0;0;0;0
"246-73-257-1995-2-20171017.txt";0;0;0;4;0;7;0;5;0;0;3;0;0;0;1;4;23;1;0;0;0;0;2017;0;0;0;3;0;0;0;0;0;0;2;2;0;0;0;1;0;0;0;0;0;0;0;0;0;0;0;0;0;0;0;0;0;0;0;0;0;0;0;0
"247-73-258-1996-2-20171017.txt";0;0;1;0;0;1;0;0;0;0;0;0;0;0;5;0;4;1;0;0;0;0;2017;0;0;1;0;0;0;0;0;0;0;1;4;0;0;0;0;0;0;1;18;0;0;0;0;0;0;0;0;0;0;0;0;0;0;0;0;0;0;0;0
"248-73-259-1997-2-20171017.txt";1;0;3;0;0;2;0;0;0;0;0;0;0;0;3;0;6;0;3;0;0;0;2017;0;0;0;0;0;0;0;0;0;0;0;20;0;0;0;1;0;0;0;3;0;0;0;0;0;0;0;0;0;0;0;0;0;0;0;0;0;0;0;0
"249-73-260-1998-2-20171017.txt";0;0;0;0;0;2;0;0;2;0;0;0;0;0;0;0;2;0;0;0;0;0;2017;0;0;1;0;0;0;0;0;0;0;1;0;0;0;0;2;4;0;0;0;0;0;0;0;0;0;0;0;0;0;0;0;0;0;0;0;0;0;0;0
"250-73-261-1999-2-20171017.txt";0;0;0;0;0;1;0;0;0;0;0;0;0;0;1;0;10;2;0;0;0;0;2017;0;0;0;3;0;0;0;0;0;0;0;21;0;0;0;0;0;0;0;7;0;0;0;0;0;0;0;0;0;0;0;0;0;0;0;0;0;0;0;0
"251-73-262-2000-2-20171017.txt";0;0;0;2;1;2;0;0;2;0;0;0;0;0;3;0;23;2;0;0;0;2;2017;0;0;0;0;0;0;0;0;0;0;0;6;0;0;0;0;0;0;0;0;0;0;0;0;0;0;0;0;0;0;0;0;0;0;0;0;0;0;0;0
"252-73-263-2001-2-20171017.txt";0;0;0;0;0;0;0;0;0;0;0;0;0;0;2;0;12;0;0;0;0;0;2017;1;0;0;0;0;0;0;0;0;0;0;15;3;0;0;7;0;0;0;0;0;0;0;0;0;0;0;0;0;0;0;0;0;0;0;0;0;0;0;0
"253-73-264-2002-2-20171017.txt";0;0;0;0;0;1;0;0;0;0;0;0;0;0;0;0;3;0;0;0;0;0;2017;4;5;0;1;0;0;0;0;0;0;0;2;0;0;0;0;0;0;1;1;0;0;0;0;0;0;0;0;0;0;0;0;0;0;0;0;0;0;0;0
"254-73-265-2003-2-20171017.txt";0;1;0;0;0;5;0;0;0;0;0;0;0;0;5;0;1;3;0;0;0;0;2017;0;0;2;5;0;0;0;0;0;0;0;9;0;0;0;4;0;0;1;0;0;0;0;0;0;0;0;0;0;0;0;0;0;0;0;0;0;0;0;0
"255-73-266-2004-2-20171017.txt";0;0;0;0;0;8;0;0;0;0;0;0;0;0;1;0;20;0;0;0;0;0;2017;3;6;4;0;0;0;0;0;0;0;10;2;0;0;0;2;0;0;19;0;0;0;0;0;0;0;0;0;0;0;0;0;0;0;0;0;0;0;0;0
"256-73-267-2005-2-20171017.txt";2;0;4;0;0;5;0;0;0;0;0;0;0;0;46;0;8;10;0;0;0;0;2017;0;0;0;0;0;0;0;0;0;0;0;1;0;0;0;0;0;0;0;0;0;0;0;0;0;0;0;0;0;0;0;1;0;0;0;0;1;2;0;1
"257-73-268-2006-2-20171017.txt";0;0;0;0;0;1;0;0;0;0;0;0;0;0;3;0;2;2;0;0;0;0;2017;0;0;0;3;0;0;0;0;0;0;0;5;0;0;0;5;0;0;0;15;0;0;0;0;0;0;0;0;0;0;0;0;0;0;0;0;0;0;0;0
"258-73-269-2007-2-20171017.txt";0;0;0;0;0;1;0;0;0;0;0;0;0;0;0;0;3;0;36;0;0;0;2017;0;0;3;2;0;0;0;0;0;0;0;8;0;0;0;0;0;0;0;13;0;0;0;0;0;0;0;0;0;0;0;0;0;0;0;0;0;0;1;0
"259-73-270-2030-2-20171017.txt";0;0;0;0;0;3;0;0;0;0;0;0;0;0;3;0;25;2;2;0;0;3;2017;1;0;5;0;0;0;0;0;0;0;0;33;0;0;0;2;0;0;0;0;0;0;0;0;0;0;0;0;0;0;0;0;0;0;0;0;0;0;0;0
"A Fast Similarity Search kNN for Textual Datasets.txt";1;0;0;0;0;3;0;0;0;0;0;0;0;0;2;0;7;12;44;0;0;0;2018;0;0;1;3;0;0;0;0;0;0;0;2;0;0;0;0;0;0;0;14;0;0;0;0;0;0;0;0;0;0;0;0;0;0;0;0;0;0;0;0
"A Fast and Generic GPU-Based Parallel Reduction Implementation.txt";0;0;0;0;0;1;0;0;0;0;0;0;0;0;3;0;10;0;0;0;0;0;2018;6;4;2;1;0;0;0;0;0;0;0;5;0;0;0;0;0;0;1;7;0;0;0;0;0;0;0;0;0;0;0;0;0;0;0;0;0;0;0;0
"A GPU-FPGA-Based K-Means Clustering Using a Parameterized Code Generator.txt";0;0;0;0;0;8;0;0;0;0;0;0;0;0;1;0;7;0;0;0;0;0;2018;0;6;0;8;0;0;0;0;0;0;3;16;0;0;0;2;0;0;2;0;0;0;0;0;0;0;0;0;0;0;0;0;0;0;0;0;0;0;0;0
"A Methodology for Optimization of Interpreters.txt";0;0;2;0;0;9;0;0;0;0;1;0;0;0;3;0;6;3;0;0;0;0;2018;0;0;0;0;0;0;0;10;0;0;0;3;0;0;0;0;0;0;0;4;0;0;0;0;0;0;0;0;0;0;0;0;0;0;0;0;0;0;0;0
"A Parallel Approach of Simulated Annealing Using GPGPU to Solve the Quadratic Assignment Problem.txt";5;0;0;0;0;3;0;0;0;0;0;0;0;0;0;0;7;19;0;0;0;0;2018;0;0;0;2;0;0;0;0;0;0;0;15;0;0;0;2;0;0;0;3;0;0;0;0;0;0;0;0;0;0;0;0;0;0;0;0;0;0;0;0
"An Interference-Aware Virtual Machine Placement Strategy for High Performance Computing Applications in Clouds.txt";0;0;0;0;0;4;0;0;0;0;0;0;0;0;0;0;9;7;0;0;0;0;2018;0;1;1;0;0;0;0;0;0;0;0;1;0;0;0;0;0;0;0;0;0;0;0;0;0;0;0;0;0;0;0;0;0;0;0;0;0;0;0;0
"Analysis of Optimization Opportunities for Intel Xeon Phi and Intel Xeon Scalable Processors Environments of a Numerical Method for the Biphasic Flow of Fluids in Porous Media.txt";0;0;0;0;3;2;0;0;0;0;0;0;0;0;1;0;7;0;0;0;0;0;2018;0;0;0;0;0;0;0;0;0;0;0;11;0;0;0;4;0;0;3;10;0;0;0;0;0;0;0;0;0;0;0;0;0;0;0;0;0;0;0;0
"Analysis of Potential Online Scheduling Improvements by Real-Time Strategy Selection.txt";0;0;0;1;0;9;0;2;0;1;0;0;0;0;1;0;11;0;0;0;0;0;2018;0;0;0;1;0;0;0;0;0;0;0;6;0;0;0;1;0;0;0;0;0;0;0;0;0;0;0;0;0;0;0;0;0;0;0;0;0;0;0;0
"Assessing the Computation and Communication Overhead of Linux Containers for HPC Applications.txt";0;1;0;0;0;9;0;0;0;0;0;0;0;0;1;0;31;2;0;0;0;0;2018;1;1;0;1;0;0;0;0;0;0;0;13;0;0;0;0;1;0;18;2;0;0;0;0;0;0;0;0;0;0;0;0;0;0;0;0;0;1;2;0
"Automatic Minimization of Execution Costs of SPITS Programs in AWS.txt";0;0;0;0;0;1;0;0;0;0;0;0;0;0;2;0;11;0;0;0;0;0;2018;0;0;0;0;0;0;0;0;2;0;0;11;0;0;0;5;22;0;2;0;0;0;0;0;0;0;0;0;0;0;0;0;0;0;0;0;0;0;0;0
"Computational Optimization of Model BRASIL-SR.txt";0;0;0;0;0;2;0;0;0;0;0;0;0;0;0;0;3;0;0;1;0;0;2018;0;0;0;13;0;0;0;0;0;0;0;14;0;0;0;7;0;0;0;0;0;0;0;0;0;0;0;0;0;0;0;0;0;0;0;0;0;0;0;0
"Evaluation of Timing Side-Channel Leakage on a Multiple-Target Dynamic Binary Translator.txt";1;0;0;0;0;16;0;0;0;0;1;0;0;0;0;0;18;9;0;0;0;0;2018;0;0;0;0;0;0;0;0;0;0;0;22;0;0;0;0;0;0;4;1;8;5;0;0;0;0;0;0;1;0;0;0;0;0;0;0;0;0;1;8
"Experimentation and Analysis of Dynamic Checkpoint on Apache Hadoop with Failure Scenarios.txt";0;0;0;0;0;1;0;0;1;0;0;0;0;0;1;0;4;0;0;0;0;0;2018;0;0;0;4;1;0;0;0;0;0;0;11;0;0;0;4;4;0;0;0;0;0;0;0;0;0;0;0;0;0;0;0;0;0;0;0;0;0;0;0
"Impact of Memory Approximation on Energy Efficiency.txt";13;0;0;0;0;4;0;0;0;0;0;0;0;0;3;0;8;0;1;0;0;0;2018;0;0;2;4;0;0;0;1;0;0;0;5;0;0;0;3;0;0;0;0;0;0;0;0;0;0;0;0;0;0;0;0;0;0;0;0;0;0;2;0
"Introducing Drowsy Technique to Cache Line Usage Predictors.txt";0;0;0;0;0;16;5;0;0;0;0;0;0;0;0;0;5;0;0;0;0;0;2018;0;0;10;0;0;0;0;0;0;0;0;4;0;0;0;0;0;0;2;2;0;0;0;0;0;0;0;0;0;0;0;0;0;0;0;0;0;0;0;0
"Load Balancing for Iterative Applications in Heterogeneous Architectures.txt";0;0;0;0;0;6;0;0;0;0;0;0;1;0;7;0;8;0;0;0;0;0;2018;0;0;0;2;0;0;0;0;0;0;0;11;0;0;0;2;0;0;0;13;0;0;0;0;0;0;0;0;0;0;0;0;0;0;0;0;0;0;0;0
"MParCO A Minimalist Parallel Framework for Combinatorial Optimization Applications.txt";0;0;0;0;0;1;0;0;0;0;0;0;0;0;23;0;11;9;0;0;0;0;2018;0;0;0;2;0;0;0;0;0;0;0;1;0;0;0;0;0;0;0;3;0;0;0;0;0;0;0;0;0;0;0;0;0;0;0;0;0;0;0;0
"MapReduce with Components for Processing Big Graphs.txt";0;0;0;0;0;4;2;0;0;0;1;0;0;0;47;0;9;5;0;0;0;0;2018;0;0;0;0;0;0;0;0;0;0;0;6;0;0;0;0;0;0;0;0;0;4;0;0;0;0;0;0;0;0;0;0;0;0;0;0;0;0;1;0
"On the Efficiency of Transactional Code Generation A GCC Case Study.txt";1;0;0;0;0;3;0;0;1;0;0;0;0;0;0;0;8;0;0;0;0;0;2018;0;0;0;1;0;0;0;0;0;0;0;3;0;0;0;0;1;0;0;10;0;0;0;0;0;0;0;0;0;0;0;0;0;0;0;0;0;0;0;0
"Optimizing Geophysics Models Using Thread and Data Mapping.txt";0;0;0;0;0;3;0;0;0;0;0;0;0;0;1;0;6;0;0;0;0;0;2018;1;0;0;2;0;0;0;0;0;0;1;8;0;0;0;0;0;0;4;0;0;0;0;0;0;0;0;0;0;0;0;0;0;0;0;0;0;0;1;0
"P-TWDTW Parallel Processing of Time Series Remote Sensing Images Using Manycore Architectures.txt";0;0;0;0;0;1;0;0;0;0;0;0;0;0;2;0;1;0;1;0;0;0;2018;0;0;4;1;0;0;0;0;0;0;0;12;0;0;0;0;0;0;0;0;0;0;0;0;0;0;0;0;0;0;0;0;0;0;0;0;0;0;0;0
"Parallel and Distributed Processing Support for a Geospatial Data Visualization DSL.txt";0;0;0;0;0;7;0;0;1;0;0;0;0;0;0;0;21;1;0;0;0;0;2018;1;0;0;3;0;0;0;0;0;0;0;2;0;0;0;4;0;0;0;0;0;0;0;0;0;0;0;0;0;0;0;0;0;0;0;0;0;0;0;0
"Performance Evaluation to Provide StaaS to IoT Devices in Fog Computing Environment.txt";0;0;0;0;0;7;0;0;3;0;0;0;0;0;0;0;1;0;0;0;0;0;2018;2;6;0;2;0;0;0;0;0;0;0;1;0;0;0;3;0;0;5;0;0;0;0;0;0;0;0;0;0;0;0;0;0;0;0;0;0;0;0;0
"Performance and Energy Consumption Aspects in Migrating Big Data Systems to the Cloud.txt";0;0;0;0;0;2;0;0;0;0;0;0;0;0;14;0;12;0;0;0;0;0;2018;0;0;0;1;0;0;0;0;0;0;0;8;0;0;0;6;5;0;0;0;0;0;0;0;0;0;0;0;0;0;0;0;0;0;0;0;0;0;1;0
"Performance and Energy Efficiency Evaluation for HPC Applications in Heterogeneous Architectures.txt";0;0;0;0;0;0;0;0;0;0;0;0;0;0;0;0;55;0;2;0;0;0;2018;1;1;0;18;0;0;0;0;0;0;0;39;0;0;0;0;0;0;0;0;0;0;0;0;0;0;0;0;0;0;0;0;0;0;0;0;0;0;0;0
"Phase Detection and Analysis among Multiple Program Inputs.txt";0;0;1;0;0;9;0;0;0;0;1;0;0;0;0;0;7;0;0;0;0;0;2018;0;0;8;0;0;0;0;0;0;0;0;1;0;0;0;0;0;0;0;0;0;0;0;0;0;0;0;0;0;0;0;0;0;0;0;0;0;0;0;0
"Power Consumption of Parallel Programming Interfaces in Multicore Architectures A Case Study.txt";0;0;0;0;1;2;0;0;2;0;0;0;0;0;2;0;14;1;2;0;0;0;2018;0;0;3;2;0;0;0;0;0;0;0;5;0;0;0;0;0;0;0;0;0;0;0;0;0;0;0;0;0;0;0;0;0;0;0;0;0;0;0;0
"Reducing Global Schedulers Complexity through Runtime System Decoupling.txt";0;0;0;0;0;4;0;0;1;0;0;0;0;0;0;0;15;1;0;0;0;0;2018;0;0;0;0;0;0;0;0;0;0;0;6;0;0;0;0;0;0;0;0;0;1;0;0;0;0;0;0;0;0;0;0;0;0;0;0;1;0;2;4
"SMCis Scientific Applications Monitoring Tool for HPC Environments.txt";0;0;0;0;0;2;0;0;0;0;0;0;0;0;4;0;14;0;23;0;0;0;2018;0;1;12;3;0;0;0;0;0;0;0;1;0;0;0;8;0;0;0;0;0;0;0;0;0;0;0;0;0;0;0;0;0;0;0;0;0;0;0;0
"Samsara Architecture Exploring Situation Awareness in Cloud Computing Management.txt";0;0;0;0;0;0;0;0;0;0;0;0;0;0;3;0;7;0;0;0;0;1;2018;0;0;0;15;0;0;0;0;0;0;0;0;0;0;0;13;0;0;0;0;0;0;0;0;0;0;0;0;0;0;0;0;0;0;0;0;0;0;1;0
"Simulators Usage Analysis to Estimate Power Consumption in Cloud Computing Environments.txt";0;0;0;0;0;3;0;0;0;0;0;0;0;0;0;0;28;0;0;0;0;0;2018;0;2;3;2;0;0;0;1;0;0;0;16;0;0;0;28;1;0;0;0;0;0;0;0;0;0;0;0;0;0;0;0;0;0;0;0;0;0;0;0
"Towards a High-Performance RISC-V Emulator.txt";0;1;0;0;0;5;1;0;1;0;0;0;0;0;2;0;16;0;0;0;0;0;2018;0;0;5;1;0;0;0;2;0;0;0;4;0;0;0;0;0;0;0;1;0;0;0;0;0;0;0;0;0;0;0;0;0;0;0;0;0;0;0;0
"Transactional Boosting on Glasgow Haskell Compiler.txt";0;0;0;0;0;3;0;0;0;0;0;0;0;0;3;0;7;1;0;0;0;0;2018;0;0;0;0;0;0;0;0;0;0;0;4;0;0;0;5;0;0;0;0;0;0;0;0;0;0;0;0;0;0;0;0;0;0;0;0;0;0;0;0
"User-Level Transaction Scheduling in Haskell.txt";3;0;0;0;0;2;0;0;0;0;0;0;0;0;2;0;1;0;0;0;0;0;2018;0;0;0;0;0;0;0;0;0;0;0;11;0;0;0;3;0;0;0;11;0;0;0;0;0;0;0;0;0;0;0;0;0;0;0;0;0;0;0;0
"Video7 An Architecture for Storage and Recovery of Streaming Audio and Video in NoSQL Database.txt";0;0;0;0;0;5;0;0;3;0;0;0;0;0;9;0;20;0;0;0;0;0;2018;0;0;0;0;0;0;0;0;0;0;0;1;0;0;0;6;1;0;0;0;0;0;0;0;0;0;0;0;0;0;0;0;0;0;0;1;0;0;0;0
"8652-73-7048-1-10-20191108.txt";0;0;0;0;0;5;2;0;0;0;0;0;0;0;5;0;11;0;0;0;0;0;2019;0;3;0;0;0;0;0;0;0;0;0;8;0;0;0;0;0;0;0;0;0;0;0;0;0;0;0;0;0;0;0;0;0;0;0;0;0;0;0;0
"8653-73-7049-1-10-20191108.txt";2;0;0;0;0;2;0;0;0;0;0;0;0;0;0;0;4;23;0;0;0;0;2019;0;0;0;0;0;0;0;0;0;0;0;7;0;0;0;2;0;0;0;8;0;0;0;0;0;0;0;0;0;0;2;0;0;0;0;0;0;0;0;2
"8654-73-7050-1-10-20191108.txt";0;1;0;0;0;3;0;0;0;0;1;0;0;0;3;0;16;0;0;0;0;0;2019;0;0;1;4;0;0;0;0;0;0;0;20;0;0;0;2;1;0;0;0;0;0;0;0;0;0;0;0;0;0;0;0;0;0;0;0;0;0;0;0
"8655-73-7051-1-10-20191108.txt";0;0;0;0;0;3;0;0;0;0;0;0;0;0;1;0;6;1;0;0;0;0;2019;0;0;0;0;0;0;0;0;0;0;0;11;0;0;0;0;0;0;0;0;0;0;0;0;0;0;0;0;0;0;0;0;0;0;0;0;0;0;0;0
"8656-73-7052-1-10-20191108.txt";6;0;0;0;0;13;1;0;5;0;0;0;0;0;4;0;2;0;4;0;0;0;2019;0;0;0;0;0;0;0;0;0;0;0;3;0;0;0;0;0;0;0;0;0;0;0;0;0;0;0;0;0;0;0;0;0;0;0;0;0;0;0;0
"8657-73-7053-1-10-20191108.txt";0;0;0;0;0;7;3;0;0;0;0;0;0;0;0;0;2;0;0;0;0;0;2019;14;8;2;0;0;0;5;0;0;0;0;1;0;0;0;1;1;0;5;0;0;0;0;0;0;0;0;0;0;0;0;0;0;0;0;0;0;0;0;0
"8658-73-7054-1-10-20191108.txt";0;0;0;0;0;1;0;0;1;0;0;0;0;0;0;0;10;0;0;0;0;0;2019;3;6;0;0;0;0;0;0;0;0;0;25;0;0;0;3;0;0;5;0;0;0;0;0;0;0;0;0;0;0;0;0;0;0;0;0;0;0;0;0
"8659-73-7055-1-10-20191108.txt";0;0;0;0;0;1;0;0;0;0;0;0;0;0;1;0;2;0;0;0;0;0;2019;0;0;0;7;0;0;0;0;0;0;0;8;0;0;0;0;0;0;0;1;0;0;0;0;0;0;0;0;0;0;0;0;0;0;0;0;0;0;0;0
"8660-73-7056-1-10-20191108.txt";0;0;0;0;0;0;22;0;0;0;0;0;0;0;1;0;9;0;0;0;0;0;2019;0;0;0;2;0;0;0;0;0;0;0;43;0;0;0;0;0;0;0;14;0;0;0;0;0;0;0;0;0;0;0;0;0;0;0;0;0;0;0;0
"8661-73-7057-1-10-20191108.txt";1;0;0;0;0;5;0;0;0;0;0;0;0;0;0;0;4;7;0;0;0;1;2019;0;0;0;0;0;0;0;0;0;0;0;8;0;0;0;1;0;0;0;0;0;0;0;0;0;0;0;0;0;0;0;0;0;0;0;0;0;0;0;0
"8662-73-7058-1-10-20191108.txt";0;0;0;0;0;2;0;0;0;0;0;0;0;0;1;0;6;4;0;0;0;0;2019;0;0;3;0;0;0;0;0;0;0;0;19;0;0;0;0;0;0;0;18;0;0;0;0;0;0;0;0;0;0;0;0;0;0;0;0;0;0;0;0
"8663-73-7059-1-10-20191108.txt";0;0;0;0;0;9;0;0;0;0;0;2;0;0;2;0;10;1;0;0;0;0;2019;0;0;2;0;0;0;0;0;0;0;0;15;0;0;0;0;0;0;0;27;0;0;0;0;0;0;0;0;0;0;0;0;0;0;0;0;0;0;1;0
"8664-73-7060-1-10-20191108.txt";0;0;0;0;0;1;0;0;0;0;0;0;0;0;2;0;4;0;1;0;0;0;2019;0;3;0;3;0;0;0;0;0;0;1;10;0;0;0;0;0;0;0;6;0;0;0;0;0;0;0;0;0;0;0;0;0;0;0;0;0;0;0;0
"8665-73-7061-1-10-20191108.txt";0;0;0;0;0;0;0;0;0;0;0;0;0;0;4;0;6;1;0;0;0;0;2019;0;0;0;0;0;0;0;0;0;0;0;33;0;0;0;0;0;0;0;0;0;0;0;0;0;0;0;0;0;0;0;0;0;0;0;0;0;0;0;0
"8666-73-7062-1-10-20191108.txt";0;0;0;0;0;3;0;0;0;0;0;0;0;0;2;0;7;0;9;0;0;0;2019;0;0;2;28;0;0;0;0;0;0;0;4;0;0;0;3;0;0;1;0;0;0;0;0;0;0;0;0;0;0;0;0;0;0;0;0;0;0;1;0
"8667-73-7063-1-10-20191108.txt";0;0;0;0;0;4;0;0;0;0;0;0;0;0;0;0;6;0;0;0;0;0;2019;0;0;12;8;0;0;0;0;0;0;0;16;0;0;0;3;0;0;0;0;0;0;0;0;0;0;0;0;0;0;0;0;0;0;0;0;0;0;0;0
"8668-73-7064-1-10-20191108.txt";0;1;0;0;0;0;0;0;4;0;0;0;0;0;1;0;3;3;1;0;0;0;2019;0;0;0;2;0;0;0;0;0;0;0;10;0;0;0;1;0;0;0;2;0;0;0;0;0;0;0;0;0;0;0;0;0;0;0;0;0;0;0;0
"8669-73-7065-1-10-20191108.txt";0;0;0;0;1;8;0;7;0;0;0;0;0;0;1;0;23;2;2;0;0;0;2019;0;0;0;0;0;0;0;0;0;0;0;1;9;0;1;1;1;0;31;0;0;0;0;0;0;0;0;0;0;0;0;0;0;0;0;0;0;0;0;0
"8670-73-7066-1-10-20191108.txt";0;0;3;1;0;0;0;0;0;0;0;0;0;0;2;0;7;0;0;0;0;0;2019;0;0;7;4;0;0;1;0;0;0;0;7;0;0;0;0;0;0;2;0;0;0;0;0;0;0;0;0;0;0;0;0;0;0;0;0;0;0;0;0
"8671-73-7068-1-10-20191108.txt";0;0;1;0;0;2;0;0;0;0;0;0;0;0;7;0;23;9;0;0;0;2;2019;0;0;0;0;0;0;0;0;0;0;0;17;0;0;0;4;0;0;0;0;0;0;0;0;0;0;0;0;0;0;0;0;0;0;0;0;0;0;0;0
"8672-73-7067-1-10-20191108.txt";0;0;1;0;0;0;0;0;0;0;0;0;0;0;1;0;8;22;0;0;0;0;2019;0;0;0;1;0;0;0;0;0;0;0;0;0;0;0;0;0;0;0;0;0;0;0;0;0;0;0;0;0;0;0;0;0;0;0;0;0;0;0;0
"8673-73-7069-1-10-20191108.txt";11;6;0;0;5;0;0;15;0;0;0;0;0;0;14;0;44;1;0;0;0;8;2019;0;0;5;1;0;0;0;0;0;0;0;25;0;0;0;0;1;0;0;0;0;0;0;0;0;0;0;0;0;0;0;0;0;0;0;0;0;0;0;0
"8674-73-7070-1-10-20191108.txt";0;0;0;0;0;30;0;0;0;0;0;0;0;0;0;0;6;1;0;0;0;0;2019;2;4;0;0;0;0;0;0;0;0;0;2;0;0;0;51;6;0;0;0;0;0;0;0;0;0;0;0;0;0;0;0;0;0;0;0;0;0;0;0
"8675-73-7071-1-10-20191108.txt";1;0;0;0;0;6;0;0;0;0;0;0;0;0;0;0;6;2;5;0;0;0;2019;0;0;0;1;1;0;0;0;0;0;0;11;0;0;0;0;0;0;0;0;0;0;0;0;0;0;0;0;0;0;0;0;0;0;0;0;0;0;0;0
"8676-73-7072-1-10-20191108.txt";1;0;0;0;0;11;0;0;0;0;0;0;0;0;2;0;12;0;0;0;0;0;2019;7;0;0;1;0;0;0;0;0;0;14;1;0;0;0;0;0;0;0;1;0;0;0;0;0;0;0;0;0;0;0;0;0;0;0;0;0;0;0;0
"8677-73-7073-1-10-20191108.txt";0;0;0;0;0;1;0;0;3;0;0;0;0;0;0;0;26;0;32;0;0;0;2019;0;17;1;8;0;0;0;0;0;0;0;0;0;0;0;6;0;0;0;0;0;0;0;0;0;0;0;0;0;0;0;0;0;0;0;0;0;0;0;0
"8678-73-7074-1-10-20191108.txt";0;0;0;1;2;2;0;0;2;0;0;0;0;0;2;2;4;21;14;0;0;3;2019;0;0;2;1;0;0;0;0;0;0;0;4;0;0;0;0;0;0;1;4;0;0;0;0;0;0;0;0;0;0;0;0;0;0;0;0;0;0;0;0
"8679-73-7075-1-10-20191108.txt";1;0;0;0;0;0;0;0;0;0;0;0;0;0;0;0;8;1;0;0;0;0;2019;0;0;1;1;0;0;0;0;0;0;0;9;0;0;0;0;0;0;0;5;0;0;0;0;0;0;0;0;0;0;0;0;0;0;0;0;0;0;0;0
"8680-73-7076-1-10-20191108.txt";0;0;0;0;3;3;0;0;0;0;0;0;0;0;1;0;8;2;0;0;0;0;2019;0;0;0;3;0;0;0;0;0;0;0;5;0;0;0;0;1;0;0;0;0;0;0;0;0;0;0;0;0;0;0;0;0;0;0;0;0;0;0;0
"8681-73-7077-1-10-20191108.txt";0;0;0;0;0;8;0;0;1;0;0;0;0;0;0;0;7;1;2;0;0;0;2019;1;0;0;3;0;0;1;0;0;0;3;12;0;0;0;4;0;0;0;15;0;0;0;0;0;0;0;0;0;0;0;0;0;0;0;0;0;0;0;0
"8682-73-7078-1-10-20191108.txt";0;0;0;0;0;1;0;0;0;0;0;0;0;0;2;0;8;0;0;1;0;1;2019;0;0;1;1;0;0;0;0;0;0;0;0;0;0;0;4;0;0;0;3;0;0;0;0;0;0;0;0;0;0;0;0;0;0;0;0;0;0;0;0
"8683-73-7079-1-10-20191108.txt";1;0;0;0;0;1;0;0;0;0;0;0;0;0;2;0;4;0;0;0;0;0;2019;0;0;5;3;0;0;0;0;0;0;0;4;0;0;0;3;0;0;6;0;0;0;0;0;0;0;0;0;0;0;0;0;0;0;0;0;0;0;0;0
"8684-73-7080-1-10-20191108.txt";0;0;0;1;0;1;0;0;2;0;0;0;0;0;1;0;14;0;0;0;0;0;2019;0;0;7;0;0;0;0;0;0;0;0;0;0;0;0;1;0;0;10;3;0;0;0;0;0;0;0;0;0;0;0;0;0;0;0;0;0;0;0;0
"8685-73-7081-1-10-20191108.txt";0;0;0;0;0;1;0;0;0;0;0;3;0;0;8;0;4;0;0;0;0;0;2019;0;0;1;0;0;0;0;0;0;0;0;6;0;0;0;1;0;0;1;4;0;0;0;0;0;0;0;0;0;0;0;0;0;0;0;0;0;0;0;0
"8686-73-7082-1-10-20191108.txt";0;0;0;0;0;0;0;0;0;0;0;0;0;0;22;0;5;0;0;0;0;2;2019;0;0;1;0;0;0;0;0;0;0;0;0;0;0;0;0;0;0;0;0;0;0;0;0;0;0;0;0;0;0;0;0;0;0;0;0;0;0;0;0
"8687-73-7083-1-10-20191108.txt";2;0;0;0;0;1;0;0;2;0;0;0;0;0;0;0;9;0;0;0;0;0;2019;0;0;0;1;0;0;0;0;0;0;0;7;0;0;0;1;1;0;1;6;0;0;0;0;0;0;0;0;0;0;0;0;0;0;0;0;0;0;0;0
"8688-73-7084-1-10-20191108.txt";0;0;0;0;0;2;0;0;0;0;0;0;0;0;1;0;2;0;0;0;0;0;2019;0;0;0;0;0;0;0;0;0;0;0;4;0;0;0;3;1;0;0;2;0;0;0;0;0;0;0;0;0;0;0;0;0;0;0;0;0;0;0;0
"8689-73-7085-1-10-20191108.txt";0;0;1;1;0;4;1;0;0;0;1;0;0;0;0;0;14;1;10;0;0;6;2019;0;0;4;2;0;0;0;0;0;0;0;1;0;0;0;0;0;0;0;0;0;0;0;0;0;0;0;0;0;0;0;0;0;0;0;0;0;0;0;0
"8690-73-7086-1-10-20191108.txt";0;0;0;0;0;2;2;0;3;0;0;0;0;0;1;0;11;0;2;0;0;0;2019;0;0;0;0;0;0;0;0;0;0;1;0;0;0;0;2;0;0;0;0;0;0;0;0;0;0;0;0;0;0;0;0;0;0;0;0;0;0;0;0
"8691-73-7087-1-10-20191108.txt";0;0;0;0;0;1;0;0;0;0;0;0;0;0;0;0;4;0;0;0;0;0;2019;0;0;1;1;0;0;0;0;0;0;0;0;0;0;0;7;0;0;0;10;0;0;0;0;0;0;0;0;0;0;0;0;0;0;0;0;0;0;0;0
"14053-73-11044-1-10-20210301.txt";4;0;0;0;0;2;0;0;0;0;0;0;0;0;10;0;3;1;0;0;0;2;2020;0;0;9;0;0;0;0;0;0;0;0;2;0;0;0;1;0;0;0;10;0;0;0;0;0;0;0;0;0;0;0;0;0;0;0;0;0;0;0;0
"14054-73-11045-1-10-20210301.txt";0;0;0;0;1;0;0;0;0;0;0;0;0;0;1;0;1;0;0;0;0;0;2020;0;0;0;3;0;0;0;0;0;6;2;9;0;0;0;0;0;0;2;0;0;0;0;0;0;0;0;0;0;0;0;0;0;0;0;0;0;0;0;0
"14055-73-11046-1-10-20210301.txt";0;0;0;0;0;1;0;0;0;0;0;0;0;0;11;0;0;1;1;0;0;0;2020;0;0;0;1;0;0;0;0;0;2;0;1;0;0;0;0;0;0;3;1;0;0;0;0;0;0;0;0;0;0;0;0;0;0;0;0;0;0;0;0
"14056-73-11047-1-10-20210301.txt";1;1;0;0;0;7;0;0;0;0;0;0;0;0;1;0;15;0;7;0;0;0;2020;0;0;0;0;0;0;0;0;0;0;0;5;0;0;0;1;0;0;0;0;2;3;0;0;0;0;0;0;1;0;0;0;0;0;0;0;0;0;0;0
"14057-73-11048-1-10-20210301.txt";0;0;0;0;0;6;0;0;1;0;0;0;0;0;2;0;6;0;0;0;0;4;2020;0;0;0;1;0;0;0;0;0;0;0;14;0;0;0;4;0;0;1;0;0;0;0;0;0;0;0;0;0;0;0;0;0;0;0;0;0;0;0;0
"14058-73-11049-1-10-20210301.txt";0;0;0;0;0;2;0;0;1;0;0;0;0;0;1;0;10;0;0;0;0;0;2020;0;0;0;0;0;0;0;0;0;0;0;10;0;0;0;4;0;0;0;0;0;0;0;0;0;0;0;0;0;0;0;0;0;0;0;0;0;0;0;0
"14059-73-11050-1-10-20210301.txt";1;0;0;0;0;3;0;0;1;0;0;0;0;0;0;0;3;0;0;0;0;0;2020;0;0;0;2;0;0;0;0;0;0;0;9;0;0;0;0;0;0;0;2;0;0;0;0;0;0;0;0;0;0;0;0;0;0;0;0;0;0;0;0
"14060-73-11051-1-10-20210301.txt";4;0;0;0;0;1;0;0;1;0;0;0;0;0;2;0;5;0;0;0;0;0;2020;0;0;0;1;0;0;0;0;0;0;0;3;0;0;0;1;0;0;0;7;0;0;0;0;0;0;0;0;0;0;0;0;0;0;0;0;0;0;0;0
"14061-73-11052-1-10-20210301.txt";0;0;0;0;0;9;0;0;0;0;0;3;0;0;1;0;6;0;0;0;0;0;2020;0;0;2;0;0;0;0;0;0;0;0;4;0;0;0;0;0;0;0;12;0;0;0;0;0;0;0;0;0;0;0;0;0;0;0;0;0;0;0;0
"14062-73-11053-1-10-20210301.txt";0;0;0;0;0;2;0;0;0;0;0;3;0;0;5;0;4;0;0;0;0;0;2020;0;0;4;3;0;0;0;0;0;0;0;22;0;0;0;2;3;0;5;3;0;0;0;0;0;0;0;0;0;0;0;0;0;0;0;0;0;0;0;0
"14063-73-11054-1-10-20210301.txt";0;0;0;0;0;0;0;0;0;0;0;0;0;0;33;0;6;2;0;0;0;0;2020;1;0;0;1;0;0;0;0;0;0;1;2;0;0;0;0;0;0;2;0;0;0;0;0;0;0;0;0;0;0;0;0;0;0;0;0;0;0;0;0
"14064-73-11055-1-10-20210301.txt";0;0;0;0;0;1;0;0;0;0;0;0;0;0;2;0;7;0;0;0;0;0;2020;3;0;0;4;0;0;0;0;0;0;0;5;0;0;0;0;0;0;9;9;0;0;0;0;0;0;0;0;0;0;0;0;0;0;0;0;0;0;0;0
"14065-73-11056-1-10-20210301.txt";0;1;0;0;0;12;0;0;0;0;0;0;0;0;0;0;13;4;3;0;0;0;2020;0;0;26;2;0;0;0;1;0;0;0;0;0;0;0;0;0;0;0;0;0;0;0;0;0;0;0;0;0;0;0;0;0;0;0;0;0;1;3;0
"14066-73-11057-1-10-20210301.txt";0;0;0;2;0;0;2;0;0;0;0;0;0;0;1;0;8;1;0;0;0;0;2020;2;0;0;6;0;0;0;0;0;0;0;0;0;0;0;0;0;0;1;6;0;0;0;0;0;0;0;0;0;0;0;0;0;0;0;0;0;0;0;0
"14067-73-11058-1-10-20210301.txt";0;0;0;0;0;1;0;0;1;0;0;0;0;0;1;0;3;0;1;0;0;0;2020;0;0;1;0;0;0;0;0;0;0;3;18;0;0;0;2;0;0;2;0;0;0;0;0;0;0;0;0;0;0;0;0;0;0;0;0;0;0;0;0
"14068-73-11059-1-10-20210301.txt";0;0;0;0;0;0;0;0;0;0;0;0;0;0;0;0;22;0;0;0;0;15;2020;0;0;6;5;0;0;0;0;0;0;0;13;0;0;0;2;0;0;0;0;0;0;0;0;0;0;0;0;0;0;0;0;0;0;0;0;0;0;0;0
"14069-73-11060-1-10-20210301.txt";0;0;0;0;0;2;0;0;0;0;0;0;0;0;1;0;8;2;2;0;0;4;2020;0;0;5;0;0;0;0;0;0;0;0;23;0;0;0;1;0;0;0;0;0;0;0;0;0;0;0;0;0;0;0;0;0;0;0;0;0;0;0;0
"14070-73-11061-1-10-20210301.txt";0;0;0;0;0;1;0;0;0;0;0;0;0;0;0;0;7;0;0;0;0;0;2020;0;0;0;0;0;0;0;0;0;0;0;0;0;0;0;0;1;0;0;0;0;0;0;0;0;0;0;0;0;0;0;0;0;0;0;0;0;0;0;0
"14071-73-11062-1-10-20210301.txt";0;0;0;0;0;10;0;0;0;0;0;0;0;0;0;0;8;11;4;0;0;2;2020;0;0;31;0;0;0;0;0;0;0;0;0;0;0;0;0;0;0;0;0;0;0;0;0;0;0;0;0;0;0;0;0;0;0;0;0;0;0;0;0
"14072-73-11063-1-10-20210301.txt";0;0;0;0;0;0;0;0;0;0;0;0;0;0;5;0;17;0;0;0;0;0;2020;0;6;0;0;0;0;1;0;0;0;0;2;0;0;0;5;1;0;0;0;0;0;0;0;0;0;0;0;0;0;0;0;0;0;0;0;0;0;0;0
"14073-73-11064-1-10-20210301.txt";0;0;0;0;0;7;0;0;1;0;0;0;0;0;0;0;3;2;0;0;0;0;2020;2;0;0;0;0;0;0;0;0;0;2;13;0;0;0;1;0;0;1;0;0;1;0;0;0;0;0;0;0;0;0;0;0;0;0;0;0;0;1;0
"14074-73-11065-1-10-20210301.txt";0;0;0;0;5;4;0;0;0;0;0;0;0;0;0;0;7;0;0;0;0;0;2020;0;0;0;0;0;0;0;2;0;0;0;0;0;0;0;0;0;0;0;0;0;0;0;0;0;0;0;0;0;0;0;0;0;0;0;0;0;0;0;0
"14075-73-11066-1-10-20210301.txt";0;0;8;7;0;5;0;0;1;0;0;0;0;0;13;0;7;2;8;0;4;0;2020;0;0;2;0;0;0;0;0;0;0;0;1;0;0;0;0;0;0;0;1;0;0;0;0;0;0;0;0;0;0;0;0;0;0;0;0;0;0;0;0
"14076-73-11067-1-10-20210301.txt";0;0;0;4;0;7;0;6;0;0;13;0;0;0;8;0;17;1;0;0;0;0;2020;4;1;0;0;0;0;0;0;0;0;0;7;0;0;0;2;0;0;2;0;0;0;0;0;0;0;0;0;0;0;0;5;0;0;0;0;0;0;1;3
"14077-73-11068-1-10-20210301.txt";0;0;0;0;0;14;0;0;1;0;0;0;0;0;0;0;7;1;0;0;0;0;2020;7;2;0;0;0;0;0;0;0;0;3;3;0;0;0;22;4;0;3;0;0;0;0;0;0;0;0;0;0;0;0;0;0;0;0;0;0;0;0;0
"14078-73-11069-1-10-20210301.txt";0;0;0;0;0;4;0;0;0;0;0;0;0;0;4;0;10;16;1;1;0;16;2020;1;0;8;1;0;0;0;6;0;0;1;4;0;0;0;3;0;0;0;0;0;0;0;0;0;0;0;0;0;0;0;0;0;0;0;0;0;0;0;0
"14079-73-11070-1-10-20210301.txt";0;0;0;0;0;2;0;0;0;0;0;0;0;0;2;0;19;0;0;0;0;0;2020;0;0;0;1;0;0;6;0;0;0;0;3;0;0;0;1;0;0;0;1;0;0;0;0;0;0;0;0;0;0;0;0;0;0;0;0;0;0;0;0
"14080-73-11071-1-10-20210301.txt";3;0;0;0;0;6;0;0;1;0;0;0;0;0;7;0;5;10;0;0;0;0;2020;0;0;0;0;0;0;0;0;0;0;0;3;0;0;0;0;0;0;1;5;0;0;0;0;0;0;0;0;0;0;0;0;0;0;0;0;0;0;0;0
"14081-73-11072-1-10-20210301.txt";0;0;0;0;0;3;0;0;1;0;2;0;0;0;5;0;10;3;7;2;0;0;2020;0;0;0;4;0;0;0;0;0;0;1;5;0;0;0;0;0;0;0;8;0;0;0;0;0;0;0;0;0;0;0;0;0;0;0;0;0;0;1;0
"18507-73-14898-1-10-20211220.txt";0;0;0;0;0;0;0;0;0;0;0;0;0;0;1;0;9;2;0;0;0;0;2021;3;0;1;2;0;0;0;0;0;0;0;1;0;0;0;2;0;0;2;26;0;0;0;0;0;0;0;0;0;0;0;0;0;0;0;0;0;0;0;0
"18508-73-14899-1-10-20211220.txt";0;0;0;0;0;0;0;0;0;0;0;0;0;0;0;0;3;0;0;0;0;0;2021;5;0;1;3;0;0;0;0;0;0;0;20;0;0;0;11;0;0;1;22;0;0;0;0;0;0;0;0;0;0;0;0;0;0;0;0;0;0;0;0
"18509-73-14900-1-10-20211220.txt";0;0;0;0;0;0;0;0;0;0;0;0;0;0;2;0;3;2;0;0;0;0;2021;0;0;0;0;0;0;0;0;0;0;0;7;0;0;0;0;0;0;0;8;0;0;0;0;0;0;0;0;0;0;0;0;0;0;0;0;0;0;0;0
"18510-73-14901-1-10-20211220.txt";0;0;0;0;0;5;0;0;1;0;0;0;0;0;0;0;13;0;0;0;0;0;2021;0;0;1;4;0;0;0;0;0;0;0;10;0;0;0;0;0;0;0;12;0;0;0;0;0;0;0;0;0;0;0;0;0;0;0;0;0;0;0;0
"18511-73-14902-1-10-20211220.txt";0;0;0;0;0;5;1;0;1;0;0;0;0;0;0;0;33;2;0;0;0;0;2021;0;1;0;0;0;0;0;0;0;1;0;18;0;0;0;0;2;0;0;0;0;0;0;0;0;0;0;0;0;0;0;0;0;0;0;0;0;0;0;0
"18512-73-14903-1-10-20211220.txt";0;0;0;0;0;0;0;0;0;0;0;0;0;0;4;0;21;0;2;0;0;1;2021;0;0;5;3;0;0;1;0;0;0;0;28;0;0;0;1;1;0;0;0;0;0;0;0;0;0;0;0;0;0;0;0;0;0;0;0;0;0;0;0
"18513-73-14904-1-10-20211220.txt";0;0;0;0;0;5;0;0;0;0;2;0;0;0;1;0;23;1;0;0;0;12;2021;0;0;5;1;0;0;0;0;0;0;0;0;0;0;0;0;0;0;0;0;0;0;0;0;0;0;0;0;0;0;0;0;0;0;0;0;0;0;0;0
"18514-73-14905-1-10-20211220.txt";2;0;3;0;0;10;0;0;0;0;1;0;0;0;0;0;6;3;8;0;0;1;2021;0;0;10;0;0;0;0;0;0;0;0;0;0;0;0;1;0;0;0;0;0;0;0;0;0;0;0;0;0;0;0;0;0;0;0;0;0;0;0;0
"18515-73-14906-1-10-20211220.txt";0;0;0;0;0;1;0;0;0;0;0;0;0;0;0;0;5;0;0;0;0;0;2021;0;0;0;1;0;0;0;0;0;0;0;9;0;0;0;3;0;0;0;0;0;0;0;0;0;0;0;0;0;0;0;0;0;0;0;0;0;0;0;0
"18516-73-14907-1-10-20211220.txt";0;0;0;0;0;5;1;0;0;0;0;0;0;0;8;0;65;0;36;0;0;0;2021;0;0;3;0;0;0;0;0;0;0;0;12;0;0;0;2;0;0;1;1;0;0;0;0;0;0;0;0;0;0;0;0;0;0;0;0;0;0;0;0
"18517-73-14908-1-10-20211220.txt";0;0;0;0;2;3;0;0;0;0;1;0;0;0;0;0;2;1;0;0;0;0;2021;8;0;0;0;0;0;0;0;0;0;0;11;0;0;0;0;0;0;3;2;0;0;0;0;0;0;0;0;0;0;0;0;0;0;0;0;0;0;0;0
"18518-73-14909-1-10-20211220.txt";0;0;0;0;0;2;0;1;0;0;0;0;0;0;1;0;13;2;1;0;0;0;2021;0;0;0;30;0;0;0;0;0;0;0;23;0;0;0;2;0;0;0;12;0;0;0;0;0;0;0;0;0;0;0;0;0;0;0;0;0;0;0;0
"18519-73-14910-1-10-20211220.txt";1;0;0;0;0;15;0;0;0;0;0;0;0;0;2;0;19;26;0;0;0;0;2021;0;2;0;1;0;0;0;0;0;0;0;9;0;0;0;0;1;0;0;6;0;0;0;0;0;0;0;0;0;0;0;0;0;0;0;0;0;0;0;0
"18520-73-14911-1-10-20211220.txt";0;0;0;0;0;1;0;0;0;0;0;0;0;0;3;0;24;0;0;0;0;0;2021;0;0;0;0;0;0;0;0;0;0;0;29;1;0;0;0;9;0;4;0;0;0;0;0;0;0;0;0;0;0;0;0;0;0;0;0;0;0;0;0
"18521-73-14912-1-10-20211220.txt";0;0;0;0;0;0;0;0;0;0;0;0;0;0;0;0;8;0;0;0;0;0;2021;0;0;0;0;0;0;0;0;0;0;1;0;0;0;0;0;0;0;1;0;0;0;0;0;0;0;0;0;0;0;0;0;0;0;0;0;0;0;0;0
"18522-73-14913-1-10-20211220.txt";0;0;0;0;0;0;0;0;0;0;1;0;0;0;1;0;3;1;0;0;0;0;2021;0;0;12;3;0;0;0;0;0;0;0;3;0;0;0;0;0;0;0;0;0;0;0;0;0;0;0;0;0;0;0;0;0;0;0;0;0;0;0;0
"18523-73-14914-1-10-20211220.txt";0;0;0;0;0;23;2;0;6;0;0;0;0;0;2;0;22;0;0;0;0;0;2021;1;1;0;4;0;0;0;0;1;0;0;24;0;0;0;1;0;0;0;1;0;0;0;0;0;0;0;0;0;0;0;0;0;0;0;0;0;0;0;0
"18524-73-14915-1-10-20211220.txt";6;0;0;0;0;0;0;0;0;0;0;0;0;0;0;0;11;0;0;0;0;0;2021;0;0;0;0;0;0;0;0;0;0;0;0;0;0;0;0;0;0;0;0;0;0;0;0;0;0;0;0;0;0;0;0;0;0;0;0;0;0;0;0
"18525-73-14916-1-10-20211220.txt";0;0;0;0;0;6;0;0;1;0;0;0;0;0;0;0;8;0;0;0;0;0;2021;2;0;8;0;0;0;0;0;0;0;0;4;0;0;0;2;0;0;0;0;0;0;0;0;0;0;0;0;0;0;0;0;0;0;0;0;0;0;0;0
"18526-73-14917-1-10-20211220.txt";0;0;0;0;0;0;0;0;0;0;0;0;0;0;2;0;6;0;4;0;0;0;2021;0;0;1;0;0;0;0;0;0;0;0;13;0;0;0;0;0;0;0;4;0;0;0;0;0;0;0;0;0;0;0;0;0;0;0;0;0;0;0;0
"18527-73-14918-1-10-20211220.txt";2;0;0;0;0;5;9;0;0;0;0;0;0;0;3;0;9;1;0;0;0;0;2021;0;2;0;0;0;0;0;0;0;0;4;10;0;0;0;3;0;0;0;4;0;0;0;0;0;0;0;0;0;0;0;0;0;0;0;0;0;0;0;0
"21751.txt";0;0;0;0;0;3;0;0;0;0;0;0;0;0;0;0;2;0;0;0;0;0;2022;10;0;0;0;0;0;0;0;0;0;0;0;0;0;0;1;0;0;6;0;0;0;0;0;0;0;0;0;0;0;0;0;0;0;0;0;0;0;0;0
"21752.txt";0;0;0;0;0;1;0;0;1;0;1;0;0;0;3;0;14;0;0;0;0;0;2022;0;0;0;0;0;0;0;0;0;0;1;8;1;0;0;0;0;0;0;0;0;0;0;0;0;0;0;0;0;0;0;0;0;0;0;0;0;0;1;0
"21753.txt";0;0;0;0;0;7;0;0;0;0;0;0;0;0;4;0;4;0;0;0;0;0;2022;0;0;0;0;0;0;0;0;0;0;0;6;0;0;0;26;0;0;0;0;0;0;0;0;0;0;0;0;0;0;0;0;0;0;0;0;0;0;0;0
"21754.txt";5;0;0;0;0;2;0;0;0;0;0;0;0;0;3;0;19;0;2;0;0;0;2022;0;0;1;0;0;0;0;0;0;0;0;40;0;0;0;0;0;0;54;0;0;0;0;0;0;0;0;0;0;0;0;0;0;0;0;0;0;0;0;0
"21755.txt";0;0;0;0;0;2;0;0;1;0;0;0;0;0;1;0;5;0;0;0;0;0;2022;0;0;0;0;0;0;0;0;0;0;0;9;0;0;0;1;0;0;0;0;0;1;0;0;0;0;0;0;0;0;0;0;0;0;0;0;1;0;0;1
"21756.txt";0;0;0;2;0;13;0;0;0;0;0;0;0;0;2;0;9;0;0;0;0;0;2022;1;1;1;3;0;0;0;0;0;0;0;6;0;0;0;23;0;0;0;3;0;0;0;0;0;0;0;0;0;0;0;0;0;0;0;0;0;0;0;0
"21757.txt";1;0;0;0;0;0;0;0;0;0;0;0;0;0;0;0;30;1;1;1;0;0;2022;0;0;0;0;0;0;0;0;0;0;4;1;0;0;0;1;0;0;0;0;0;0;0;0;0;0;0;0;0;0;0;0;0;0;0;0;0;0;0;0
"21758.txt";0;1;0;0;3;3;0;0;0;0;0;0;0;0;1;0;11;2;0;0;0;0;2022;6;9;0;0;0;0;0;0;0;0;0;7;0;0;0;0;1;0;1;0;0;0;0;0;0;0;0;0;0;0;0;0;0;0;0;0;0;0;0;0
"21759.txt";2;0;0;0;0;3;0;0;0;0;0;0;0;0;0;0;1;4;0;0;0;0;2022;0;0;0;0;0;0;0;0;0;0;0;12;0;0;0;3;0;0;4;1;0;0;0;0;0;0;0;0;0;0;0;0;0;0;0;0;0;0;0;0
"21760.txt";0;0;1;0;0;12;0;0;1;0;0;0;0;0;2;1;10;3;30;0;0;8;2022;0;0;4;4;0;0;0;0;0;0;1;1;0;0;0;0;0;0;7;3;0;0;0;0;0;0;0;0;0;0;0;0;0;0;0;0;0;0;0;0
"21761.txt";0;0;0;1;0;19;1;0;9;0;0;0;0;0;0;0;9;1;0;0;0;0;2022;7;17;0;0;0;0;0;0;0;0;10;3;0;0;0;21;21;0;1;0;0;0;0;0;0;0;0;0;0;0;0;0;0;0;0;0;0;0;0;0
"21762.txt";1;0;0;0;0;7;0;0;0;0;0;0;0;0;0;0;13;1;1;0;0;0;2022;0;0;0;0;0;0;0;0;0;0;6;2;0;0;0;1;0;0;1;0;0;0;0;0;0;0;0;0;0;0;0;0;0;0;0;0;0;0;1;0
"21763.txt";0;0;0;0;0;1;0;0;0;0;0;0;0;0;0;0;6;0;0;0;0;0;2022;1;0;0;0;0;0;0;0;0;0;0;12;0;0;0;7;4;0;0;0;0;0;0;0;0;0;0;0;0;0;0;0;0;0;0;0;0;0;0;0
"21764.txt";0;0;0;0;0;2;0;0;0;0;0;0;0;0;0;0;25;1;1;0;0;0;2022;0;0;2;1;0;0;0;0;0;0;0;14;0;0;0;0;4;0;0;0;0;0;0;0;0;0;0;0;0;0;0;0;0;0;0;0;0;0;0;0
"21765.txt";0;0;4;1;0;4;0;0;0;1;0;0;0;0;0;3;8;8;7;0;0;3;2022;0;0;0;0;0;0;0;4;0;0;0;8;0;0;0;2;0;0;0;0;2;2;0;0;0;0;2;2;0;0;3;0;0;0;0;0;4;1;0;1
"21766.txt";0;0;0;0;0;1;0;0;1;0;0;0;0;0;0;0;9;2;0;0;0;0;2022;1;0;0;1;0;0;0;0;0;0;0;13;0;0;0;0;1;0;0;0;0;0;0;0;0;0;0;0;0;0;0;0;0;0;0;0;0;0;0;0
"21767.txt";0;0;0;0;0;2;0;0;0;0;0;0;0;0;1;0;8;2;19;0;0;0;2022;1;4;0;0;0;0;0;0;0;5;3;8;0;0;0;3;1;0;0;0;0;0;0;0;0;0;0;0;0;0;0;0;0;0;0;0;0;0;0;0
"21768.txt";4;0;0;0;0;3;0;2;0;0;0;0;0;0;1;0;21;3;4;0;0;1;2022;0;0;9;4;0;0;0;0;0;0;1;4;0;0;0;1;0;0;0;0;0;0;0;0;0;0;0;0;0;0;0;0;0;0;0;0;0;0;0;0
"21769.txt";0;0;0;0;0;10;0;0;0;0;0;0;0;0;10;0;1;4;0;0;0;0;2022;4;1;5;0;0;0;5;0;0;0;0;4;0;0;0;3;3;0;0;1;0;0;0;0;0;0;0;0;0;0;0;0;0;0;0;0;0;0;0;0
"21770.txt";0;0;0;0;7;2;0;0;0;0;0;0;0;0;1;0;3;1;0;0;0;0;2022;0;0;0;0;0;0;0;0;0;0;0;1;0;0;0;0;0;0;0;0;0;0;0;0;0;0;0;0;0;0;0;0;0;0;0;0;0;0;0;0
"21771.txt";0;0;0;0;0;7;0;0;0;0;0;0;0;0;4;0;22;2;0;0;0;0;2022;0;0;0;0;0;0;0;0;0;0;0;1;9;0;0;22;3;0;0;0;0;0;0;0;0;0;0;0;0;0;0;0;0;0;0;0;0;0;0;0
"21772.txt";0;0;0;0;0;2;0;0;1;0;0;0;0;0;0;0;2;0;0;0;0;1;2022;0;0;0;0;0;0;0;0;0;21;0;0;0;0;0;0;1;0;1;0;1;1;0;0;0;0;0;0;0;0;0;0;0;0;0;0;0;0;0;1
"21773.txt";0;0;0;0;0;2;0;0;1;0;0;0;0;0;1;0;16;1;0;0;0;0;2022;0;0;77;3;0;0;0;0;0;0;1;2;0;0;0;0;0;0;0;20;0;0;0;0;0;0;0;0;0;0;0;0;0;0;0;0;0;0;0;0
"21774.txt";0;0;0;0;0;0;0;0;0;0;0;0;0;0;0;0;18;0;3;0;0;0;2022;0;0;0;1;0;0;0;0;0;0;0;0;0;0;0;0;0;0;0;0;1;0;0;0;0;0;0;0;0;0;0;0;0;0;0;0;0;0;0;0
"21775.txt";0;0;16;0;0;6;0;1;0;0;0;0;0;0;1;0;12;2;1;0;0;15;2022;1;0;3;1;0;0;0;0;0;0;0;13;0;0;0;0;0;0;1;9;0;0;0;0;0;0;0;0;0;0;0;0;0;0;0;0;0;0;0;0
"21776.txt";0;0;0;4;4;0;0;3;0;0;1;0;0;0;5;0;27;20;0;0;0;0;2022;0;2;8;0;0;0;0;0;0;0;1;1;0;0;0;0;1;0;0;0;0;0;0;0;0;0;0;0;0;1;0;3;0;0;0;0;0;2;0;0
